,Unnamed: 0.1,area,equivalent_diameter,orientation,major_axis_length,minor_axis_length,perimeter,min_intensity,mean_intensity,max_intensity,solidity,eccentricity,centroid_local-0,centroid_local-1,feret_diameter_max,moments-0-0,moments-0-1,moments-0-2,moments-0-3,moments-1-0,moments-1-1,moments-1-2,moments-1-3,moments-2-0,moments-2-1,moments-2-2,moments-2-3,moments-3-0,moments-3-1,moments-3-2,moments-3-3,moments_central-0-0,moments_central-0-1,moments_central-0-2,moments_central-0-3,moments_central-1-0,moments_central-1-1,moments_central-1-2,moments_central-1-3,moments_central-2-0,moments_central-2-1,moments_central-2-2,moments_central-2-3,moments_central-3-0,moments_central-3-1,moments_central-3-2,moments_central-3-3,moments_hu-0,moments_hu-1,moments_hu-2,moments_hu-3,moments_hu-4,moments_hu-5,moments_hu-6,label,major_axis_length/minor_axis_length,perimeter/major_axis_length,perimeter/minor_axis_length,Labels,Filename,Region,Unnamed: 0
1192,1,1606649.029,467.2461933,-0.006579767,535.0641426,438.7802711,2039.3974,112,200.546851,255,7.867416165,5.362351821,264.1159754,201.5245673,641.006624,18299.61,393577.48,10972944.64,350522573.6,515818.5,11085890.62,310179870.0,10013637593.0,18269063.8,381788614.5,10411089643.0,331000000000.0,730406304.6,14645167970.0,384000000000.0,11902500000000.0,18299.61,7.29e-11,2508106.714,6636964.061,1.21e-10,-8036.811644,1226748.629,65316338.57,3729479.353,-10678821.7,377295148.0,-1520268397.0,5200140.261,-141809221.1,1023635848.0,-935639514.4,1.635355081,0.010945183,0.005626584,0.000216513,2.52e-08,3.29e-06,3.88e-09,2,1.21943528,3.811500785,4.647878527,C,../Images/Training/39.5 hold 1.bmp,2,1.0
1195,4,935360.9556,356.5125993,1.172631812,368.4199938,349.6942644,1331.434408,123,208.5672823,255,8.557180723,2.949256514,187.6554705,185.2985488,400.615443,10653.69,210684.45,5180513.71,142798603.2,213364.27,4255882.11,105299844.5,2916581750.0,5215857.35,104463309.6,2558405049.0,69967734003.0,142258254.1,2853120783.0,68831113724.0,1849340000000.0,10653.69,3.36e-11,1014075.84,242014.5829,-9.42e-12,36448.85499,106719.8645,7621751.26,942754.6304,-143995.7953,55531872.91,3949810.57,37304.99776,4654153.326,9610029.153,1612326291.0,1.513673727,0.000664179,3e-05,1.7e-06,-1.06e-12,5.86e-09,7.55e-13,5,1.053548861,3.613903779,3.807424209,C,../Images/Training/39.5 hold 1.bmp,5,4.0
1196,5,623573.9704,291.0913184,-1.380146518,313.4667016,280.4654693,1064.803149,121,199.6490765,253,8.485615293,4.184867193,160.921715,162.1207784,352.2172905,7102.46,122887.55,2619467.83,61680751.67,121978.66,2092049.27,44647084.89,1050439938.0,2496149.26,42968543.09,912811598.0,21254718379.0,56543414.92,985079522.0,20837807032.0,480000000000.0,7102.46,5.86e-12,493253.8218,-710235.5794,-1.63e-11,-18439.02274,298039.185,-7784314.559,401270.3736,413240.783,17450510.54,11373829.7,-108757.2622,1783756.796,15498035.54,-357103058.2,1.55687477,0.00317495,0.00205063,5.29e-05,6.26e-10,7.1e-07,-1.75e-09,6,1.117665937,3.396862069,3.796557028,C,../Images/Training/39.5 hold 1.bmp,6,5.0
1198,7,15822161.18,1466.284238,1.167673597,3284.434721,1109.365045,12837.52026,104,195.2032964,255,5.200057999,8.819331637,980.97172,1601.381865,3411.812449,180213.21,30799377.4,6459009019.0,1500000000000.0,18867029.09,3666882289.0,810000000000.0,192238000000000.0,2321803853.0,483000000000.0,110213000000000.0,2.67e+16,314000000000.0,68373300000000.0,1.6e+16,3.95e+18,180213.21,7.64e-09,1195234803.0,-16302105957.0,-3.27e-09,442408626.0,-17853313568.0,5990000000000.0,346561379.7,-6802082121.0,3695900000000.0,-179000000000000.0,-1568523848.0,2285840000000.0,-111000000000000.0,3.37e+16,4.168049835,1.172395301,0.110302764,0.036944433,0.000226913,0.010845801,0.000108912,8,2.960643781,3.908593518,11.57195309,C,../Images/Training/39.5 hold 1.bmp,8,7.0
1200,9,150546.2224,143.0277132,-1.517109317,241.0096038,112.8574081,684.457204,182,211.4480874,241,6.646162791,8.279198729,69.43016393,91.39590164,238.8890642,1714.71,16725.45,233884.57,3898379.13,12705.72,120966.7,1746474.3,30026296.18,109853.88,979708.46,14077769.1,244058234.9,1042881.0,8493923.74,118918061.9,2056276165.0,1714.71,1.13e-12,70742.88557,236979.9008,-3.99e-13,-2966.142623,71292.07182,-99605.6439,15706.5777,-47859.82965,476478.6546,-1737020.931,-3884.573856,-125965.4882,1323082.786,-8358476.838,2.581428627,0.291589139,0.099967882,0.020961368,8.95e-05,0.002596973,4.98e-05,10,2.135523115,2.839958214,6.064796413,C,../Images/Training/39.5 hold 1.bmp,10,9.0
1201,10,763425.6524,322.0836197,1.274053618,468.9737308,227.9153813,1381.832636,97,203.9989224,255,8.051259259,8.189059058,141.2567888,213.732931,483.713488,8695.36,198344.16,5796787.98,191677030.2,131086.3,3280896.13,100726328.8,3431625464.0,2386632.7,62813209.87,1966568488.0,67630156645.0,48099227.14,1304191794.0,41167710712.0,1418220000000.0,8695.36,-5.19e-12,1272489.296,1398458.228,-1.17e-11,290772.4248,72012.78265,83206706.43,410450.2248,-393744.2682,51411630.05,-49102029.38,-255717.6471,26589086.99,-37845351.4,6658634436.0,1.954215964,0.155602663,0.001066454,0.000161766,5.37e-09,1.2e-05,-4.75e-09,11,2.057665999,2.946503281,6.062919618,C,../Images/Training/39.5 hold 1.bmp,11,10.0
1202,11,1456925.464,444.9425411,-1.365093109,488.9849146,425.4836827,1963.82862,90,196.9322417,255,7.91711355,4.617635022,221.0812084,244.8950819,595.2716089,16594.27,433709.19,14131393.61,517444691.6,391534.82,10096025.08,320738454.5,11394197277.0,11405295.18,292307063.5,9067049347.0,313373000000.0,373379358.1,9531848666.0,289104000000.0,9740000000000.0,16594.27,1.28e-11,2795934.955,1955872.539,1.13e-10,-137160.8112,-5516140.938,-101100137.1,2167195.808,689844.5544,282217598.4,1519813986.0,2008069.303,-46580384.24,-1582370029.0,-29536133333.0,1.582408457,0.005105121,0.002109481,0.000118268,2.3e-09,3.66e-07,-5.87e-09,12,1.149244811,4.016133344,4.615520407,C,../Images/Training/39.5 hold 1.bmp,12,11.0
1204,13,666352.1319,300.9103734,-0.855541732,371.7048409,253.8434547,1182.123188,112,170.0888889,213,8.414301552,6.844749655,142.4934074,144.1476173,406.8134173,7589.7,116759.57,2371387.71,55002490.31,115419.66,1578395.24,29587068.06,648644734.0,2274698.68,28403805.72,495270446.1,10287291779.0,51150923.7,589838557.8,9583691395.0,188000000000.0,7589.7,-1.54e-11,575164.251,824582.0157,1.96e-11,-197215.1097,-407695.9496,-28962325.52,519464.8876,-591785.402,39073148.78,4617189.033,759225.7863,-33239162.23,18711119.28,-4572535450.0,1.668387652,0.039340149,0.003271767,5.44e-05,-2.19e-09,-3.41e-06,-1.1e-09,14,1.464307367,3.180273857,4.656898438,C,../Images/Training/39.5 hold 1.bmp,14,13.0
1207,16,604652.8605,286.6410063,0.370395915,333.8715509,267.2336021,1300.109132,147,217.2598639,255,7.694916201,5.616893792,167.0282177,149.0531156,384.17,6886.95,109554.04,2118575.74,45588835.48,122765.74,2019160.04,39617390.7,856184405.9,2709166.84,45080475.5,878615267.6,18723283545.0,67271596.42,1127337233.0,21726423022.0,454000000000.0,6886.95,1.13e-12,375846.7119,-69922.4279,-2.63e-12,66266.1188,-256277.6912,5449316.987,520763.1319,-378049.7658,19638095.56,-61236691.29,412302.4812,14262279.63,-51651566.33,766769183.5,1.659697059,0.014102975,0.0012576,0.000111957,-4.42e-09,-4.33e-06,7.5e-10,17,1.249362162,3.894039875,4.865066077,C,../Images/Training/39.5 hold 1.bmp,17,16.0
1208,17,2973082.228,635.6070773,-0.663856522,800.0865888,642.3875103,3952.60909,99,209.1662977,255,7.277709005,5.585617471,414.8104704,415.2175235,845.6911655,33863.18,1500596.13,78526231.37,4544328574.0,1499125.04,63770289.78,3323819369.0,195000000000.0,79715799.72,3245416082.0,165239000000.0,9570000000000.0,4686007350.0,183000000000.0,8980000000000.0,507400000000000.0,33863.18,-3.06e-12,12029560.2,-1587723.363,-3.15e-10,-2661192.243,83311827.27,-1913365515.0,13349442.94,-51447966.8,3191835452.0,-40741135923.0,-24977259.56,-2492749926.0,34259211374.0,-1240000000000.0,1.94311392,0.018812189,0.017122466,0.001075995,4.5e-07,4.77e-05,-2.01e-07,18,1.245489017,4.940226652,6.152998038,C,../Images/Training/39.5 hold 1.bmp,18,17.0
1209,18,641672.4233,295.2853845,1.138862212,367.8089392,279.225682,1325.279684,124,167.1217949,208,7.669045121,6.09897556,131.6244744,186.2828077,403.0189388,7308.6,145300.59,3540276.47,94270173.87,102667.09,2154472.21,54608013.31,1496475438.0,1900114.19,42856552.85,1129586098.0,31745911834.0,40602486.91,975313620.8,26510244618.0,760000000000.0,7308.6,-2.1e-11,651588.9711,-2021425.579,-1.48e-11,113371.4861,368381.8329,15821537.09,457904.8244,1895663.759,37626239.97,215019237.7,1045977.291,21102362.01,168272357.8,3068243762.0,1.823625568,0.025639549,0.021965615,0.000745293,-8.7e-08,-3.02e-05,3.1e-07,19,1.317246095,3.60317421,4.746267157,C,../Images/Training/39.5 hold 1.bmp,19,18.0
1210,19,2504167.765,583.3335755,-0.957468985,612.7071434,561.4614556,2178.396888,119,194.4411958,253,8.765298095,3.751289152,303.3552891,318.7831603,654.8953019,28522.28,970375.94,40231444.28,1851110364.0,923413.5,30841036.42,1261787419.0,57494436825.0,36701090.64,1220441263.0,49265526669.0,2210000000000.0,1627899855.0,54148002380.0,2160000000000.0,95354500000000.0,28522.28,-1.09e-10,7217622.631,-8742363.156,-1.44e-10,-575044.0291,-1584267.84,-277069911.7,6805426.9,9042718.243,1240608402.0,2990864373.0,-957610.6527,-305967893.3,-2521148023.0,-113000000000.0,1.513398056,0.001855357,0.000531309,2.68e-06,2.64e-12,-4.09e-09,-1.04e-11,20,1.09127196,3.555363947,3.879868984,C,../Images/Training/39.5 hold 1.bmp,20,19.0
1211,20,910681.247,351.777826,-1.296911813,367.6068726,351.4474035,1431.955038,135,202.3495935,255,8.304715773,2.747580019,169.7180397,186.8244264,429.8982141,10372.59,206814.64,5115139.22,140708128.1,187877.87,3723675.48,90885626.8,2449378343.0,4321322.19,86680258.36,2091075540.0,55074025275.0,112976723.0,2314534841.0,55570281745.0,1440000000000.0,10372.59,-2.6e-12,991550.481,-820649.9259,1.7e-11,-22341.0933,-873570.3795,-20358292.89,918305.775,1328586.405,58781694.57,126902302.8,1438575.344,11735355.57,-39801514.09,-1264537182.0,1.558495095,0.000523147,0.002540921,3.71e-05,2.93e-10,-1.68e-07,-1.18e-09,21,1.045979765,3.895343489,4.074450468,I,../Images/Training/39.5 hold 1.bmp,21,20.0
1212,21,3053702.61,644.1672394,1.023850279,681.2774488,612.0006906,2326.376297,109,198.2632004,255,8.929766367,4.116757867,324.024798,328.7956223,720.0282595,34781.44,1220489.35,53719268.81,2650041643.0,1202780.05,43191258.62,1924060593.0,95782920454.0,51467151.83,1873587439.0,83009488055.0,4100000000000.0,2465543401.0,90398798124.0,3960000000000.0,192687000000000.0,34781.44,-7.06e-11,10891995.03,613576.7932,2.77e-10,985408.5627,-2766649.83,792767450.2,9873708.641,-560675.84,2059146075.0,-604255366.4,2866094.094,405228013.1,-1396894745.0,296049000000.0,1.507060604,0.002766205,1.97e-05,1.92e-09,-3.93e-18,1.59e-11,-3.97e-17,22,1.11319719,3.414726704,3.80126417,C,../Images/Training/39.5 hold 1.bmp,22,21.0
1213,22,1416615.273,438.7440337,-0.802398832,510.6972284,398.2418545,1953.792715,109,202.7560976,255,8.194586084,5.865885558,251.0746458,248.6913357,553.5441997,16135.14,428246.48,13794832.58,497307858.9,432350.54,10888427.24,341562848.4,12103344588.0,13973818.32,334618722.7,10084202220.0,345451000000.0,500214489.1,11487807100.0,332000000000.0,10969200000000.0,16135.14,5.93e-11,2428643.775,2257627.48,5.71e-11,-586688.3698,3065081.66,-226509399.7,2388732.015,-4822301.095,257454507.5,-1082415394.0,-2237119.644,-137119274.9,957532908.6,-42308725186.0,1.624591705,0.016730347,0.002892754,5.12e-05,-7.23e-11,1.32e-06,2.1e-09,23,1.282379596,3.825735888,4.906045642,C,../Images/Training/39.5 hold 1.bmp,23,22.0
1215,24,1034902.447,375.0031975,-0.585957523,417.9604007,341.8661144,1379.501967,137,208.0691574,255,8.842805701,5.390607369,183.0054849,173.0470668,446.330781,11787.46,217693.21,5149461.53,136450840.5,230220.9,4028228.59,91669905.17,2352600232.0,5813935.08,99615515.25,2204462612.0,54959209746.0,165626762.3,2812535940.0,60975067464.0,1480000000000.0,11787.46,-2.88e-11,1129059.028,-353846.6969,2.76e-11,-223537.8406,-647551.4998,-47814813.35,1317490.316,974414.9111,102612409.5,131311511.4,610976.1332,-47574459.79,-101981533.5,-9267554118.0,1.545940223,0.010030278,0.000584665,1.31e-05,-8.17e-11,-1.19e-07,9.09e-11,25,1.222585051,3.30055662,4.035211182,C,../Images/Training/39.5 hold 1.bmp,25,24.0
1216,25,875306.998,344.8779785,1.0476261,572.4425489,263.7380823,1782.916297,111,173.5535714,220,6.885138122,8.316281711,217.7908553,241.7530451,536.3864664,9969.68,257225.24,8504942.86,317757201.6,231729.47,6771680.26,234742768.3,8887823267.0,6337165.25,196399135.4,6940334263.0,263000000000.0,189007807.7,6066418800.0,216000000000.0,8200000000000.0,9969.68,-4.79e-12,1868338.266,1914217.044,-2.93e-12,792885.7013,-3855294.121,217045698.9,950979.6085,-3963245.24,194198411.6,-1609289739.0,-2497631.421,181148132.3,-1493513244.0,49361018288.0,2.490352297,0.279475692,0.021348553,0.003487223,1.12e-06,5.99e-05,3.01e-06,26,2.170496365,3.114576826,6.76017768,C,../Images/Training/39.5 hold 1.bmp,26,25.0
1217,26,2788807.071,615.5941716,0.390440011,658.8837015,586.0472624,2539.66988,102,202.4486726,255,8.538790323,4.282307144,327.2341209,325.0394956,721.7333356,31764.3,1101883.89,46286816.15,2165678702.0,1109323.67,39203386.62,1665489221.0,78739942686.0,48261093.89,1718768016.0,72759668593.0,3420000000000.0,2352522293.0,83795279436.0,3515060000000.0,163508000000000.0,31764.3,2.74e-11,8063146.589,606602.3008,1.69e-10,721635.6994,-1079167.3,613807749.0,9519519.077,-5783666.288,1829908636.0,-3863461340.0,2159480.486,153252016.1,1139363771.0,138971000000.0,1.529978478,0.003397268,8.38e-05,6.67e-06,-1.59e-11,-1.18e-07,5.37e-12,27,1.124284241,3.854504025,4.333558132,C,../Images/Training/39.5 hold 1.bmp,27,26.0
1218,27,2814309.436,618.4024298,-0.020635667,727.8155404,535.7637869,2495.426375,109,198.5442853,255,8.518408185,6.342035385,397.8839988,305.4576177,785.7961553,32054.77,1044970.51,40617891.19,1744321589.0,1361161.16,44258979.49,1716162978.0,73652020664.0,69884945.64,2275431836.0,87351189742.0,3699890000000.0,3990969722.0,130000000000.0,4939650000000.0,205860000000000.0,32054.77,2.46e-11,6552341.296,-7009189.934,-5.62e-10,-114237.7116,-1171004.311,60567920.69,12085132.9,6917183.551,1548500227.0,-2060546812.0,-2953825.162,-212745766.2,2407589136.0,-68938138342.0,1.592505375,0.023893331,0.000175604,3.88e-06,-9.39e-13,1.95e-07,-1.08e-11,28,1.358463484,3.42865223,4.657698852,PS,../Images/Training/39.5 hold 1.bmp,28,27.0
1220,29,1189561.954,402.0488245,-1.316469798,516.6558347,332.160655,1673.691573,113,181.9488243,249,8.211527273,7.176912781,215.3220816,287.3790664,559.2249617,13549.02,415550.13,15223973.09,617726273.3,311355.73,9181522.45,331499571.5,13431626072.0,8314703.75,237486857.1,8370047383.0,334000000000.0,242084060.2,6738032731.0,231000000000.0,9000000000000.0,13549.02,4.52e-11,2478998.875,-1257284.611,6.72e-12,-367796.5471,4214243.934,-113532994.0,1159766.3,-622253.301,121034267.6,-310819125.9,-2290102.77,-61141854.89,357627312.9,-11132377990.0,1.740273246,0.055693221,0.003770738,0.00012214,6.29e-09,4.39e-06,-6.22e-09,30,1.555439595,3.23947096,5.038801398,C,../Images/Training/39.5 hold 1.bmp,30,29.0
1221,30,901632.0205,350.0256955,-0.734253052,418.067291,319.9737644,1570.8974,112,169.334854,222,7.727253574,6.03050713,248.8179562,192.8373358,445.4447149,10269.52,211349.72,5335727.76,149492540.6,272704.48,5349089.38,132872596.8,3708856319.0,8281730.72,156716979.3,3812829831.0,105000000000.0,271665927.9,5009115852.0,120000000000.0,3240000000000.0,10269.52,2.62e-11,986088.8145,-906285.9987,-2.54e-11,-263248.4401,2019168.793,-51049774.23,1040132.923,257533.1685,67399446.95,-110139347.3,-3494243.625,-45472013.33,315163034.2,-5487455576.0,1.686808815,0.020718671,0.006347279,0.00017524,3.02e-09,-5.47e-06,-1.95e-08,31,1.306567405,3.757522853,4.909456882,PS,../Images/Training/39.5 hold 1.bmp,31,30.0
1223,32,3667404.696,705.9349475,1.044100358,754.9594997,674.1184652,2691.920548,117,194.1410947,254,8.812544304,4.218517249,346.5870099,425.5531157,822.9079473,41771.46,1897115.79,102240764.4,6078553259.0,1545084.89,71665264.38,3922660548.0,235000000000.0,71532257.23,3370381748.0,184000000000.0,10966500000000.0,3707761669.0,177442000000.0,9680000000000.0,569875000000000.0,41771.46,8.24e-11,16080301.68,-25493784.56,3.74e-10,1492832.253,5277448.466,388027010.4,14381099.06,11196318.16,3405815501.0,4075736810.0,-2030795.339,1678854558.0,-1247632479.0,634225000000.0,1.532744414,0.003188869,0.000230924,1.3e-05,7.09e-11,1.7e-08,-2.8e-11,33,1.11992111,3.565648951,3.993245531,C,../Images/Training/39.5 hold 1.bmp,33,32.0
1224,33,7635079.181,1018.572711,0.728946634,1300.050245,920.6965558,6663.878418,105,196.0513953,255,7.356650876,6.61532419,556.8370607,629.8031214,1309.019518,86962.97,5845202.77,468499915.7,41449768045.0,5168004.76,373277084.5,31391634083.0,2880000000000.0,388613591.3,29534430858.0,2550000000000.0,238306000000000.0,32999006713.0,2590000000000.0,227826000000000.0,2.15e+16,86962.97,1.07e-09,75615502.66,-205351323.4,1.99e-09,25910432.51,66654519.8,49814825774.0,81491224.19,334235446.3,63758944779.0,529709000000.0,218951493.0,39695049978.0,548358000000.0,63186200000000.0,1.823917689,0.039123566,0.002262399,0.000152166,9.15e-09,8.06e-06,2.66e-09,34,1.412029009,5.125862206,7.237866131,C,../Images/Training/39.5 hold 1.bmp,34,33.0
1225,34,1186271.326,401.4923553,-1.513412536,455.3829827,368.0506844,1543.453305,125,201.5638003,255,8.51925599,5.517782126,200.1879057,244.185319,502.2354963,13511.54,352115.23,11168580.87,394332093.0,288670.96,7483256.8,233269260.8,8076192218.0,7472593.74,193621380.2,5888024195.0,197000000000.0,217904541.0,5655472245.0,168032000000.0,5450000000000.0,13511.54,1.93e-12,1992340.767,-566969.3929,-2.16e-12,-39604.50779,-3280700.218,-11443157.38,1305204.742,575382.3769,102065374.8,23961538.96,2483484.599,-5838523.386,-225534165.9,-666345865.5,1.58584332,0.011809126,0.002690463,1.09e-05,-1.94e-10,-3.83e-07,-4.25e-11,35,1.237283347,3.389352181,4.19358901,C,../Images/Training/39.5 hold 1.bmp,35,34.0
1226,35,7203184.28,989.344461,0.140331193,1309.749357,872.1314416,4968.84035,104,193.8330288,255,7.635525361,6.990600018,552.6630608,511.4076656,1349.410133,82043.72,4477885.52,289913909.2,20581114936.0,4839117.76,271838888.8,17358265965.0,1200000000000.0,384520306.8,21788253563.0,1370000000000.0,92900000000000.0,35357302809.0,2005930000000.0,124816000000000.0,8309610000000000.0,82043.72,-4.26e-10,45514231.48,-210437817.4,-1.43e-09,7723422.686,-584566860.0,14989474600.0,99098574.42,-109668884.2,48764073705.0,-481000000000.0,987354826.4,14950221248.0,-689000000000.0,22029900000000.0,1.886232602,0.056465345,0.015609146,0.000548904,-6.69e-08,-2.25e-06,1.58e-07,36,1.501779772,3.793733756,5.697352615,I,../Images/Training/39.5 hold 1.bmp,36,35.0
1227,36,974025.8324,363.8065396,0.779036535,398.6566096,342.4943958,1469.377912,115,204.625,255,8.033367125,4.795303309,186.4107686,253.9159206,499.518558,11094.08,300636.45,9235568.61,308459603.5,220710.35,6145342.61,191437954.7,6454193842.0,5483764.39,154867762.9,4831815185.0,162000000000.0,153437245.0,4354583451.0,135268000000.0,4510000000000.0,11094.08,-5.83e-12,1088676.297,-817066.0859,-1.38e-11,164353.1001,-1205927.985,53528770.47,1092858.736,-275188.9462,82425933.94,-183982124.4,857308.1326,17892678.48,-123578561.4,5557941632.0,1.556176264,0.00586867,0.00091856,6.03e-05,1.21e-09,8.58e-07,-9.11e-10,37,1.16397995,3.68582353,4.290224687,C,../Images/Training/39.5 hold 1.bmp,37,36.0
1228,37,1265246.394,414.6415487,-1.173893889,574.8671758,327.2659781,2074.052203,108,170.5643693,223,7.378934972,7.703423456,205.1530429,269.944948,634.1905068,14411.06,415175.33,15008819.15,604990325.7,315525.38,8273175.91,279328554.7,10741125602.0,8349494.56,206351490.3,6563046013.0,240000000000.0,245255383.6,5828839855.0,176000000000.0,6149690000000.0,14411.06,-1.07e-11,3047828.45,-3018926.116,3.46e-11,-816950.2684,-2212717.892,-279521114.8,1441170.993,1580496.914,239089471.5,522440648.2,-661953.1214,-165776440.3,-401826573.8,-48018122900.0,1.897740738,0.100155629,0.0011898,0.000128144,-4.74e-09,-1.31e-05,2.45e-09,38,1.756574818,3.607880724,6.337512425,C,../Images/Training/39.5 hold 1.bmp,38,37.0
1230,39,2398867.675,570.937291,0.043478684,744.0142277,459.223224,2390.415785,101,199.8947188,255,8.332698994,7.37220077,364.1511043,251.7978635,821.4129147,27322.92,734242.57,23845534.97,854315250.2,1061864.62,28824668.64,939742655.2,33617001484.0,52022090.08,1449172258.0,47512139464.0,1690000000000.0,2874003880.0,82383906695.0,2720000000000.0,97019800000000.0,27322.92,4.46e-11,4114402.587,-7611144.899,3.41e-11,289423.9597,-2533818.655,-7435923.459,10754302.04,28698485.89,1175791468.0,6690422983.0,16342890.2,494072982.9,1878645798.0,39293206128.0,1.748630684,0.065572454,0.004735133,0.000321623,-3.45e-09,-8.57e-06,-4.22e-08,40,1.620158103,3.212863002,5.205346028,C,../Images/Training/39.5 hold 1.bmp,40,39.0
1233,42,2927013.439,630.6633917,-1.423836148,869.2745427,493.754837,2766.880548,110,189.3400787,255,8.037237223,7.711726241,253.8853907,409.1751012,884.2123017,33338.46,1455845.01,81247597.95,5129270295.0,903324.22,37687339.36,1994574041.0,121000000000.0,30522418.94,1233361200.0,61998881310.0,3580000000000.0,1175107048.0,46288382458.0,2220000000000.0,121778000000000.0,33338.46,-1.49e-10,17672834.95,37801546.58,-1.29e-10,-1759595.444,-53196808.57,-1172212402.0,6046343.967,-4156697.915,2393139194.0,7356900064.0,20426892.54,-813529999.0,-14069009126.0,-436000000000.0,1.873646964,0.098266451,0.006538415,0.000412862,3.8e-08,1.33e-05,-6.16e-08,43,1.760538789,3.182976623,5.603753809,C,../Images/Training/39.5 hold 1.bmp,43,42.0
1234,43,1135266.595,392.7662782,0.628947873,446.9670711,369.6927191,1657.500943,131,214.1181159,255,7.952398524,5.266260453,222.1029493,214.3964638,507.8851171,12930.6,295867.12,8228883.92,257158075.8,306502.07,7289466.46,208179998.9,6666388914.0,8903121.01,213591530.0,6109383436.0,196000000000.0,287167534.1,6843331469.0,194000000000.0,6153510000000.0,12930.6,4.23e-11,1459101.18,2099817.593,-2.82e-11,276343.7337,479505.1689,103858705.3,1637911.436,-3222896.655,153600932.9,-790840833.3,-1517562.494,35987401.0,-235548995.2,15466721578.0,1.626240609,0.009929701,0.003139637,4.99e-05,8.61e-10,1.5e-06,-1.92e-09,44,1.209023191,3.708328981,4.483455739,C,../Images/Training/39.5 hold 1.bmp,44,43.0
1236,45,1274295.62,416.1216952,0.085069171,671.4681147,314.6430269,2055.312203,86,182.8386056,247,7.018438104,8.277607313,292.1576888,176.9230213,634.1905068,14514.13,274053.76,6223778.88,156905616.1,452552.26,8852813.48,207313255.2,5385683690.0,18742848.48,382176176.4,9259932915.0,248000000000.0,886964087.6,18822366404.0,470000000000.0,12875900000000.0,14514.13,-2.6e-12,1049134.353,-230115.2037,1.62e-10,307785.3971,1631985.372,71704387.44,4632216.425,9082780.341,388087056.6,1324057494.0,13693801.14,327542328.4,3002385032.0,62286427357.0,2.367820459,0.245019653,0.009962554,0.003748811,2.33e-06,0.000387424,-7.47e-07,46,2.134063231,3.06092301,6.532203249,C,../Images/Training/39.5 hold 1.bmp,46,45.0
1237,46,748617.8272,318.9446681,1.084565275,342.7687913,310.921785,1239.950826,138,202.8032967,255,8.318731707,3.944198256,151.2585714,159.1046593,382.337336,8526.7,144785.24,3144047.28,76170247.94,137645.3,2389453.07,51980084.37,1253603895.0,2836373.96,50270771.49,1096976399.0,26363233103.0,65923365.86,1190315017.0,26045196338.0,623671000000.0,8526.7,7.32e-13,685562.0839,-498355.5879,2.68e-11,52205.62429,-546747.6697,6693142.482,614385.5457,423022.4005,46564803.71,-6820571.221,300310.0298,9622327.135,-82466412.72,956055635.2,1.569795471,0.002485079,0.001178265,1.14e-05,-1.39e-10,-9.25e-10,2.11e-11,47,1.10242771,3.617455431,3.987983105,I,../Images/Training/39.5 hold 1.bmp,47,46.0
1238,47,1102360.317,387.0321561,0.644864575,494.1107247,311.1944929,1503.975589,121,183.1261194,243,8.51240678,7.27816153,221.5026045,203.1122313,496.61,12555.8,272170.39,7241089.15,214926820.6,296813.49,7066460.46,197684380.8,6043574440.0,8723029.61,218161353.9,6206375173.0,191000000000.0,287694465.5,7391681635.0,211000000000.0,6470000000000.0,12555.8,-3.52e-11,1341288.166,-187143.0611,-2.16e-11,632474.3077,-911845.6265,130525076.9,1706491.608,-829406.0407,140661628.9,-250672832.7,804556.2807,153853841.8,-273334649.9,25272425293.0,1.697360088,0.057379556,0.000440372,2.58e-05,-7.58e-11,-1.43e-07,-2.84e-10,48,1.587787496,3.043802763,4.832911968,O,../Images/Training/39.5 hold 1.bmp,48,47.0
1239,48,904099.9913,350.5044179,0.805321139,484.4496373,308.8063254,1660.107439,124,201.8271156,249,7.251852113,7.219605003,254.5502457,217.667061,546.3601925,10297.63,239216.1,6787122.02,214423417.3,279750.72,7008947.4,213926545.0,7171280345.0,8789247.4,236683651.4,7620455451.0,265000000000.0,303129694.6,8712685392.0,292000000000.0,10436100000000.0,10297.63,-3.36e-12,1230081.954,-392970.0505,-1.06e-11,510279.6278,5836287.611,113302900.3,1189395.265,4782556.492,142158760.0,1454106432.0,-266975.5406,151353964.6,1596784035.0,31466587050.0,2.003208491,0.07631955,0.035499036,0.003347469,3.51e-06,0.000290703,1.68e-06,49,1.568781458,3.42679055,5.375885475,C,../Images/Training/39.5 hold 1.bmp,49,48.0
1240,49,2464680.231,578.7160867,1.397939681,592.6563283,577.7220171,2292.777478,110,194.6618825,255,8.53527516,2.090221937,271.9270327,306.6548298,688.6790644,28072.52,918737.87,37076687.09,1667264190.0,814693.39,26721900.09,1072636925.0,47762104069.0,30323484.47,1003251269.0,39972384460.0,1756340000000.0,1273816972.0,42656746923.0,1691750000000.0,73524700000000.0,28072.52,-5.48e-11,7008874.376,-4918897.216,-2.35e-10,59182.60572,-7240424.89,-102905260.5,6680244.757,7410322.479,1300969836.0,2623453413.0,6063137.78,173452974.6,-2261612518.0,-8237052382.0,1.525077399,0.000161615,0.000667216,3.36e-06,8.87e-12,4.68e-09,1.45e-11,50,1.025850341,3.868645906,3.968651722,C,../Images/Training/39.5 hold 1.bmp,50,49.0
1241,50,3625449.192,701.8853463,0.427186768,791.9603849,632.1039493,2469.589919,111,189.5702292,247,9.093501431,5.645026697,409.0163399,300.8371704,859.0302349,41293.59,1325789.41,55460233.55,2637455784.0,1802535.01,60396293.33,2570701656.0,123000000000.0,95972028.23,3265482021.0,138000000000.0,6486140000000.0,5699362103.0,195000000000.0,8101510000000.0,373282000000000.0,41293.59,-1.32e-11,12893879.8,28873462.23,3.53e-10,2523344.347,-12262408.81,1194682289.0,17288327.87,-36132872.33,3467203002.0,-16294302972.0,691355.5673,2534608852.0,-15089708176.0,918056000000.0,1.554049693,0.012669942,0.001299969,1.2e-05,1.58e-10,4.25e-07,2.49e-11,51,1.252895803,3.118325065,3.906936385,C,../Images/Training/39.5 hold 1.bmp,51,50.0
1242,51,5464087.482,861.6761766,-0.706686044,1483.3574,635.8824194,4833.503342,103,193.8556158,255,6.760323702,8.465396105,661.6627898,663.5997079,1406.405475,62235.54,4407629.26,363617467.2,32608822991.0,4394764.25,271952097.1,20187502346.0,1663090000000.0,374272365.9,21270939161.0,1460000000000.0,111587000000000.0,34663604576.0,1869650000000.0,121737000000000.0,8822820000000000.0,62235.54,-3.09e-10,51461491.79,-432383719.2,-2.58e-09,-39292755.9,76208311.73,-64529018659.0,63935975.93,313636734.2,56239874336.0,-68317245139.0,-795329277.5,-63926480996.0,-400000000000.0,-90200000000000.0,2.615763867,0.347182241,0.024226356,0.004385846,7.2e-07,-0.000142728,-4.77e-06,52,2.332754225,3.25848871,7.601253304,C,../Images/Training/39.5 hold 1.bmp,52,51.0
1243,52,3297209.068,669.3580744,0.673448319,746.0530734,624.0277277,2674.122281,111,205.0800898,255,8.513933348,5.135325552,339.7326347,341.2311801,818.629182,37554.96,1367654.57,61955629.99,3131123979.0,1361648.4,51766710.73,2355865452.0,119000000000.0,62511523.98,2418855952.0,109000000000.0,5400000000000.0,3254007303.0,127000000000.0,5670000000000.0,275348000000000.0,37554.96,2.28e-10,12149185.71,-10023799.84,-2.08e-10,2178995.632,-49196651.73,1738446641.0,13141577.5,-15661972.72,3443538237.0,-27440033215.0,34535559.43,1660415967.0,-31415713820.0,1215140000000.0,1.574368927,0.008261869,0.00356363,9.03e-05,5.34e-09,1.95e-06,-1.17e-09,53,1.19554475,3.584359312,4.285261956,C,../Images/Training/39.5 hold 1.bmp,53,52.0
1245,54,30438.30726,64.31251779,-0.624904663,109.9243108,43.40637037,247.225354,132,166.2162162,198,7.222708333,8.608545296,38.74621622,36.46702703,109.2720385,346.69,1349.28,6577.74,36261.9,1433.61,4385.16,18327.72,90682.86,8048.83,19920.62,71418.14,311084.0,52931.13,109966.32,344066.4,1319202.3,346.69,-3.33e-14,1326.488108,336.9504018,1.66e-14,-1194.295135,424.0113221,-9946.28617,2120.658919,-1527.412666,12085.77758,-15548.79383,2109.70786,-15822.75734,24377.41366,-142074.8709,2.518003672,0.360805817,0.038322434,0.012061406,2.76e-05,0.002205503,-2.33e-06,55,2.532446501,2.249050754,5.695600713,I,../Images/Training/39.5 hold 1.bmp,55,54.0
1246,55,2581497.519,592.2718885,-0.266923893,729.8905028,565.4217497,3089.398855,121,194.4439133,252,6.960951705,5.925306428,484.2988113,323.8442798,868.2304898,29403.06,1016223.35,42124493.49,1924010810.0,1519729.67,51390111.69,2108654362.0,95541069163.0,89389547.01,2936071725.0,119000000000.0,5310000000000.0,5667572878.0,182000000000.0,7250000000000.0,321139000000000.0,29403.06,-9.95e-11,7001962.125,-15889618.7,3.95e-10,-1134515.894,9825209.711,-856684200.0,10840638.5,-36116543.25,2729447481.0,-24563645780.0,-73245482.6,741952243.1,-23783732924.0,191003000000.0,1.811975312,0.021885231,0.006699463,0.002359405,2.41e-07,-3.77e-05,-9.72e-07,56,1.290878009,4.232688113,5.463884007,C,../Images/Training/39.5 hold 1.bmp,56,55.0
1249,58,1734983.514,485.5488614,-0.848535297,558.5511269,467.3347011,2300.872793,115,199.9777146,255,7.474027988,5.131717012,252.9855571,258.9478805,634.1212834,19761.33,546121.08,18905980.18,725844220.3,533546.54,14092048.98,468094578.8,17348136929.0,18053179.0,471656715.5,15311006953.0,551000000000.0,693176652.3,18131956844.0,581308000000.0,20496900000000.0,19761.33,6.25e-11,3813461.912,-7415038.629,-1.25e-10,-652961.2321,-6267648.995,-233599654.8,3647675.406,8001121.458,588207916.0,-340192996.1,8778366.577,-244670024.9,-463089624.5,-99805909132.0,1.677458843,0.009348292,0.00447075,1.7e-05,4.94e-10,-2.97e-07,8.09e-11,59,1.195184363,4.119359325,4.92339385,I,../Images/Training/39.5 hold 1.bmp,59,58.0
1250,59,1934889.153,512.7590201,-0.399143265,610.3370509,437.264777,1897.239762,110,207.0688776,255,8.904339394,6.537048838,309.4530145,246.2772236,619.3421156,22038.24,579244.03,18653842.85,664408138.0,727833.49,18111525.99,563466121.3,19586223000.0,29451868.33,715830679.3,21713134123.0,736889000000.0,1323094645.0,31833439497.0,947000000000.0,31448600000000.0,22038.24,2.88e-11,3429231.162,-6146791.192,1.49e-10,-1018549.911,947806.1108,-320287064.6,5414486.526,9007020.5,627173315.1,1427455759.0,-7217819.456,-501796365.5,-1362193589.0,-127000000000.0,1.598675192,0.028217213,0.001781304,7.04e-05,2.66e-09,3.86e-06,2.04e-11,60,1.395806575,3.108511534,4.338880837,C,../Images/Training/39.5 hold 1.bmp,60,59.0
1251,60,1521092.706,454.6352502,0.458507202,476.269542,447.383845,1806.089132,119,207.8788534,255,8.76777834,3.213532681,246.1487345,224.9712169,507.8851171,17325.13,415971.78,12520362.66,422099422.7,455129.01,11058127.31,336466439.9,11425574399.0,14689302.15,359769686.1,10893908549.0,367000000000.0,527587735.4,13016513989.0,391000000000.0,12987300000000.0,17325.13,-1.55e-11,2532990.458,-144026.0607,-5.39e-11,130600.3928,1286708.558,18533880.03,2733119.672,221722.0873,270226166.2,-121310095.7,-1895832.492,61413956.67,134514685.0,11657388113.0,1.540338303,0.00098867,0.000166844,1.86e-06,3.4e-12,7.45e-09,8.36e-13,61,1.064565802,3.792157535,4.037001229,PS,../Images/Training/39.5 hold 1.bmp,61,60.0
1252,61,5145719.241,836.1964264,0.642512072,1325.526311,663.3761928,4170.392633,105,200.2684253,255,7.228582881,8.112154547,678.5228201,467.8948074,1317.943045,58609.35,2926682.02,184234176.8,13323072588.0,4244160.24,238292798.9,16324129414.0,1240000000000.0,360916620.9,21792523912.0,1559470000000.0,121760000000000.0,33045399701.0,2100000000000.0,154794000000000.0,1.23e+16,58609.35,9.04e-11,38089105.34,319272813.2,-1.51e-09,26358910.16,350438099.7,28451018081.0,53578352.49,-47524853.03,32511856042.0,428348000000.0,-849843962.2,48735354081.0,105306000000.0,42382300000000.0,2.342936722,0.210487614,0.04266408,0.00360302,-7.71e-07,-0.000352371,4.7e-06,62,1.998151766,3.146216412,6.286617878,C,../Images/Training/39.5 hold 1.bmp,62,61.0
1254,63,1556466.955,459.8913237,0.978539322,489.257486,444.6513007,1884.321534,107,206.6442918,255,8.397934628,3.908875916,241.0298784,263.1424841,543.9444393,17728.04,497865.58,16838883.22,632696600.5,456028.53,13050376.71,452631408.4,17440657256.0,14389687.03,419131990.5,14684487666.0,569746000000.0,501941520.6,14832282344.0,522000000000.0,20257600000000.0,17728.04,-1.05e-11,2857070.468,-671467.9209,-7.8e-11,243495.1492,5798770.996,100768759.1,2659003.876,2491947.462,303141959.9,800489300.5,-5010803.57,60333665.8,1005984313.0,25634033982.0,1.540947515,0.002301962,0.002502377,1.73e-05,2.96e-10,2.53e-07,-2.46e-10,64,1.100317227,3.851390296,4.237751089,C,../Images/Training/39.5 hold 1.bmp,64,63.0
1255,64,1592663.861,465.208163,-0.093710585,971.5333582,279.3758404,2553.805667,104,183.526343,251,7.93192829,8.974230853,433.2124638,101.5405992,966.7460889,18140.32,196582.6,3236135.64,63594133.78,838699.33,8047152.77,120634505.4,2214559930.0,50867321.91,425721087.0,5653990370.0,93928783964.0,3598966936.0,27036720443.0,321000000000.0,4800000000000.0,18140.32,2.24e-11,1105813.869,4557937.662,2.54e-10,-1041644.721,-6408806.846,-150319099.9,12090907.48,-29197951.73,629584743.1,-477986577.0,129146072.0,-1234866151.0,2356862133.0,-116000000000.0,3.520913379,0.949712182,0.119708196,0.061495885,0.000562689,0.019152866,2.17e-05,65,3.477513863,2.628634051,9.141111355,C,../Images/Training/39.5 hold 1.bmp,65,64.0
1257,66,3448577.947,684.5501772,0.683275847,754.7484804,634.9631366,2740.045234,103,199.9892653,255,8.531503041,5.065257514,356.9138502,348.5675763,790.3082605,39279.04,1461195.28,67485813.36,3508014136.0,1496182.86,57937539.74,2714958062.0,141895000000.0,71064178.88,2793596949.0,130000000000.0,6688280000000.0,3798451060.0,150000000000.0,6867580000000.0,346681000000000.0,39279.04,-3.41e-10,13128791.24,20724030.9,6.22e-10,2278966.286,-25209385.95,1623075403.0,14072889.11,-23634412.67,3193120005.0,-14438937342.0,19432087.91,1452743243.0,-14924105891.0,784413000000.0,1.547936656,0.007487821,0.001437148,3.45e-06,1.46e-11,8.85e-08,2.15e-11,67,1.188649288,3.630408414,4.315282377,C,../Images/Training/39.5 hold 1.bmp,67,66.0
1260,69,2348685.601,564.9339914,-0.423145826,610.1884194,527.0584452,2095.065746,124,203.3838879,255,8.846345899,4.721519926,307.5657373,280.7980595,628.9078108,26751.35,801678.46,29618195.2,1223466817.0,878100.18,25640630.2,936198752.6,38441022375.0,35610104.06,1021015618.0,36481793998.0,1470000000000.0,1609967418.0,45561500529.0,1590000000000.0,62480900000000.0,26751.35,-3.1e-11,5593674.821,615396.8688,-2.09e-10,-674079.1522,4397065.425,-297891568.9,6786888.554,-1887351.008,951377468.8,-1918178597.0,-4469794.337,-320930232.0,1742595857.0,-125000000000.0,1.518896504,0.005206595,0.000197665,9.13e-07,-6.43e-13,-1.6e-08,1.14e-12,70,1.157724395,3.433473463,3.975015987,C,../Images/Training/39.5 hold 1.bmp,70,69.0
1261,70,4048294.866,741.688137,1.556742657,887.1557298,712.7640766,3881.863224,100,191.288356,255,7.676006326,5.578939911,355.7915241,416.3623572,915.1952939,46109.77,2048919.16,116877425.9,7524367844.0,1750850.09,77928912.61,4317598411.0,268000000000.0,83159696.37,3725876521.0,202000000000.0,12140900000000.0,4470356172.0,203000000000.0,10909000000000.0,643282000000000.0,46109.77,4.85e-10,25832301.93,35087503.67,1.26e-10,128691.6224,-131831916.4,-1338411006.0,16677559.55,20845359.4,8003947385.0,16723350508.0,46131649.49,1269542032.0,-46989279291.0,338311000000.0,1.755427751,0.015264492,0.007240692,0.000387316,1.55e-08,-6.69e-06,-6.75e-08,71,1.244669532,4.375627744,5.446210536,C,../Images/Training/39.5 hold 1.bmp,71,70.0
1263,72,3775995.414,716.3099651,1.175412666,796.7660546,692.0597364,3075.538894,119,203.8071895,255,8.221812273,4.643197467,353.3122832,423.6934357,921.1715576,43008.3,1944752.87,106666309.1,6594722928.0,1621703.38,75026779.99,4118364289.0,253000000000.0,76520798.38,3536703886.0,190000000000.0,11334000000000.0,4091883685.0,187000000000.0,9730000000000.0,562137000000000.0,43008.3,-1.52e-10,18728312.79,77760137.4,-4.26e-10,1696462.294,-57097512.32,1786072365.0,15371628.27,-51356082.61,4008325198.0,-27676066280.0,47304372.94,320932523.3,-7390046152.0,768000000000.0,1.618557965,0.005477084,0.005318475,4.15e-05,1.99e-09,6.99e-08,-6.35e-10,73,1.151296648,3.860027516,4.444036739,C,../Images/Training/39.5 hold 1.bmp,73,72.0
1265,74,172757.9601,153.2160626,0.25617205,233.0462268,105.6454178,666.0501567,127,162.3761905,189,7.686328125,8.351910842,120.873,65.18842857,250.0227846,1967.7,13689.57,114754.39,1062979.65,25383.33,191410.36,1684988.36,16098353.38,399639.87,3183307.58,28792154.74,279411113.7,7049510.13,58438141.36,538083156.7,5271045057.0,1967.7,-5.16e-13,19514.09586,-6907.739927,0.0,14814.907,-1482.119829,265643.7236,72194.913,20731.3124,632905.2958,433295.4188,31527.0516,1195344.501,523188.3688,17622523.48,2.079569362,0.200473056,0.001585953,0.000285823,2.01e-08,3.93e-05,-4.14e-09,75,2.205928394,2.858017338,6.304581596,C,../Images/Training/39.5 hold 1.bmp,75,74.0
1267,76,2004814.994,521.9422036,1.281531946,638.0766541,441.5398992,2048.7674,104,184.3340172,249,8.649503788,6.764308306,251.92881,287.2479811,655.9669252,22834.69,700023.33,27797594.83,1252569541.0,613950.51,19764328.4,807317119.9,37133348248.0,19956872.53,654709597.7,26901027673.0,1240000000000.0,717611166.7,23703436165.0,971000000000.0,44679100000000.0,22834.69,-6.28e-11,6337585.408,11830989.86,1.52e-10,942978.9328,2114070.116,602770695.3,3449741.112,-7798242.686,819634096.3,-2431650526.0,-4468822.021,288229528.6,-1332995799.0,150376000000.0,1.647984106,0.035996215,0.001685761,2.71e-05,-1.9e-10,-1.09e-07,-5.87e-10,78,1.445116637,3.210848394,4.640050432,C,../Images/Training/39.5 hold 1.bmp,78,76.0
1268,77,1386999.623,434.1336357,0.537858713,511.3319963,382.7421875,1678.847439,117,205.599051,252,8.475225322,6.213362248,274.7088375,200.3434935,564.148706,15797.82,337779.13,9208957.81,285829010.9,463159.1,10471827.67,292636934.3,9172994916.0,16179909.86,373164944.4,10418249570.0,324000000000.0,624416050.4,14510896029.0,401000000000.0,12304400000000.0,15797.82,-5.59e-12,1986775.214,3968845.143,9.68e-11,568848.7875,-1676022.054,120421772.2,2601052.023,-6138710.242,248111819.0,-947842730.6,-2459956.352,233099334.2,-1464328005.0,42592012138.0,1.613956833,0.022079352,0.003977083,0.000170891,1.46e-08,8.25e-06,3.51e-09,79,1.335969781,3.283282586,4.386366317,I,../Images/Training/39.5 hold 1.bmp,79,77.0
1271,80,1693850.666,479.7586608,1.019872329,644.2685907,372.9431078,1943.813935,107,205.7722195,255,8.262453961,7.640531967,264.7445945,294.7477076,626.3899314,19292.83,606885.53,23752547.09,1038434888.0,545109.12,18837897.76,771728847.9,34479953728.0,18350695.24,671544002.1,28135304866.0,1270000000000.0,687023410.7,26141822055.0,1110010000000.0,50159400000000.0,19292.83,-1.86e-12,4662032.815,-2040648.149,2.24e-11,1690655.121,-5751609.894,663502291.5,2948913.713,-1242440.204,647913608.1,-1269644032.0,1893709.643,586728648.0,-1139537509.0,191510000000.0,1.795254308,0.085316382,0.00106563,7.4e-05,1.31e-09,5.71e-06,1.79e-09,82,1.72752513,3.017086294,5.212092393,C,../Images/Training/39.5 hold 1.bmp,82,80.0
1272,81,1799973.413,494.5592271,0.281826755,627.7070228,509.688245,3228.398343,108,175.6736746,234,6.114393081,5.469074863,266.6510146,279.1343556,750.3609263,20501.56,610745.97,22137159.09,893175713.6,583432.42,17903924.27,653326969.9,26175213652.0,22202215.0,695856331.7,25179850190.0,987000000000.0,1009432555.0,32233948940.0,1161070000000.0,44766500000000.0,20501.56,1.28e-11,3942902.659,-1214982.568,9.26e-11,523344.4857,-7832345.35,63906059.53,5598922.923,4660851.175,676544899.1,-600974977.8,58935210.94,493317299.5,6785608759.0,56623652011.0,1.993135564,0.01787194,0.014953211,0.005583217,5.44e-06,0.000221742,-1.07e-07,83,1.231550912,5.143161102,6.334064744,I,../Images/Training/39.5 hold 1.bmp,83,81.0
1273,82,485367.6023,256.8151595,0.280349349,306.3472661,237.734371,1136.880826,116,170.4728814,208,7.604264099,5.909632692,178.3317458,125.3038983,370.6779579,5528.3,73929.3,1222316.5,22547143.44,105215.73,1446100.21,24916994.47,477746381.6,2360574.73,33463821.23,592644226.3,11610142579.0,58053868.29,849662089.4,15364842185.0,305225000000.0,5528.3,-1.63e-12,233668.7424,-48398.83058,-8.46e-12,39062.73593,608855.5691,3240871.145,358087.5568,409235.5634,11963389.52,36257674.37,-503460.5142,7500161.989,66390564.49,558279226.1,1.699960641,0.01900977,0.010535363,0.000210949,1.16e-08,-4.06e-06,-3.15e-08,84,1.288611591,3.711085266,4.78214749,C,../Images/Training/39.5 hold 1.bmp,84,82.0
1274,83,1473378.603,447.447868,-0.131255123,657.7482417,336.6356771,2077.267478,118,196.6465662,255,7.964722354,8.049809277,321.9387605,194.3791066,676.9784472,16781.67,348132.98,8641107.7,236555001.3,576592.32,11466359.47,271150980.9,7054800273.0,24913874.26,495086260.0,11532665816.0,293000000000.0,1211795452.0,24392646412.0,567396000000.0,14322400000000.0,16781.67,-9.75e-12,1419146.372,-1583270.14,8.15e-11,-494953.2365,-5208716.711,-109696429.5,5103050.696,12263703.0,395960117.6,1864216453.0,5127209.568,-257054060.2,-3080757586.0,-55009192256.0,2.033306014,0.150929062,0.011022715,0.000660671,-1.65e-07,-8.06e-05,9.43e-08,85,1.953887501,3.1581498,6.17066942,PS,../Images/Training/39.5 hold 1.bmp,85,83.0
1276,85,1726756.944,484.3963584,0.394173178,708.2666399,364.4483024,2271.545234,106,188.1548356,255,7.512463713,8.034326699,336.2664888,249.4232396,691.1605695,19667.63,523539.38,16557502.12,583128363.5,705823.36,20619593.89,683277537.7,24700376589.0,31592060.66,949637178.5,31744326543.0,1149110000000.0,1576787535.0,47608234914.0,1580000000000.0,56903700000000.0,19667.63,-4.77e-11,2621228.028,2827809.342,5.22e-11,1831040.095,-8413071.218,552803726.7,6261778.591,-22745848.61,800615290.9,-6436334827.0,-6414589.829,1009381823.0,-7858837901.0,274214000000.0,2.016206955,0.146603088,0.014156826,0.001615077,4.71e-07,9.64e-05,-6.77e-07,87,1.943393988,3.207189363,6.232832527,C,../Images/Training/39.5 hold 1.bmp,87,85.0
1278,87,2336345.747,563.4479722,0.020514887,604.9178704,539.4772926,2234.674013,93,190.8510563,255,8.391926837,4.238915366,300.5790423,260.72025,658.6383552,26610.8,740445.51,26116710.53,1037722000.0,853644.48,23781753.38,828810119.6,32470077016.0,34315245.02,952775275.8,32589433219.0,1250000000000.0,1557314914.0,43099529000.0,1450000000000.0,54641300000000.0,26610.8,4.19e-12,5513814.214,4180768.29,-2.23e-10,29095.724,-10603704.0,-1311683.737,6931291.955,-3913132.986,1141699304.0,-838065351.4,11824446.67,54004990.31,-1073425362.0,36180298982.0,1.542985788,0.003301801,0.001246299,9.02e-07,1.75e-12,1.57e-08,-2.71e-12,89,1.121303674,3.694177545,4.142294855,C,../Images/Training/39.5 hold 1.bmp,89,87.0
1279,88,2328119.177,562.4551115,-0.617880397,771.6187519,425.748187,2342.566927,109,194.7908127,252,8.380878635,7.814608949,347.0542049,298.9228657,759.2013228,26517.1,845951.71,33032819.97,1436152671.0,982163.4,27641678.03,984551822.4,39832075812.0,44993803.0,1172672394.0,38952152980.0,1470000000000.0,2298674898.0,57215898386.0,1810670000000.0,65061100000000.0,26517.1,-5.65e-11,6045166.884,-3371600.384,1.67e-10,-3691416.755,-3418436.086,-1763463318.0,8615581.237,10726490.34,1882911486.0,1131942267.0,-6067462.446,-2116077118.0,-2805224481.0,-869000000000.0,1.83055702,0.101683415,0.000753388,8.47e-05,2.19e-09,8.79e-06,6.54e-10,90,1.812382942,3.035912387,5.502235825,C,../Images/Training/39.5 hold 1.bmp,90,88.0
1280,89,1266069.051,414.7763257,0.621390648,450.5792477,394.1436214,1713.720943,108,195.6666667,255,8.259123711,4.54048459,229.0992398,195.5949448,522.0359926,14420.43,301020.62,8044276.18,241960779.1,352583.73,7591686.44,204508570.6,6161305773.0,10539029.31,230059829.7,6159838169.0,183000000000.0,352329250.2,7753516891.0,205000000000.0,6010000000000.0,14420.43,3.9e-11,1760592.984,536453.6114,1.26e-10,231644.2633,-1847294.015,58162472.36,1918254.017,-1265667.102,185216840.1,-539645569.2,843158.7434,76182173.71,-867409775.6,15146635618.0,1.55322541,0.004556163,0.000736091,1.9e-05,1.9e-10,4.2e-07,1.48e-10,91,1.143185436,3.803372995,4.347960617,C,../Images/Training/39.5 hold 1.bmp,91,89.0
1281,90,679514.6432,303.8677946,0.030355825,375.7585359,262.4104913,1319.457912,123,186.8970944,247,7.81779798,6.706649551,181.4671792,118.6450726,400.2865755,7739.62,98000.83,1620663.31,30320186.23,149891.89,1910055.76,32125869.56,610702268.3,3680489.15,46533799.98,783097581.3,14888587039.0,101123204.5,1267505911.0,21304407499.0,405000000000.0,7739.62,1.07e-12,379754.4953,181902.8265,-4.83e-11,12090.53299,432575.6869,1248820.331,777558.6847,-537701.8751,35563376.61,-64701276.77,-273886.9236,4697084.713,107269647.9,639545281.6,1.696253686,0.03641503,0.001579891,4.21e-05,4.59e-10,-1.87e-06,1.07e-09,92,1.431949363,3.5114516,5.028220882,I,../Images/Training/39.5 hold 1.bmp,92,90.0
1282,91,5553757.09,868.7177678,1.524411846,1133.678437,698.6598803,3655.651413,109,199.2463339,255,8.203458695,7.37915152,392.7724678,543.121342,1126.895897,63256.87,3666612.18,270328454.1,22421455422.0,2651606.93,155359903.4,11472021030.0,948000000000.0,133208089.7,7834376749.0,574502000000.0,46965900000000.0,7433147474.0,439000000000.0,31904900000000.0,2576720000000000.0,63256.87,-4.84e-10,57797469.31,51846991.65,8.99e-10,1662537.962,-52364641.44,323644704.3,22057801.76,-26258757.85,16666971363.0,-29283341745.0,77615.93913,2389545387.0,-56266562060.0,1196350000000.0,1.752134222,0.066196029,0.00031786,2.58e-05,-1.95e-10,-1.48e-06,-1.55e-10,93,1.622647112,3.224592876,5.232376319,PS,../Images/Training/39.5 hold 1.bmp,93,91.0
1283,92,1428132.47,440.5239357,-1.562763394,524.4046256,392.0088143,1980.352203,105,195.2868664,255,7.854331241,6.223804248,261.9228053,287.6471256,542.2470084,16266.32,499355.41,18513855.05,754995536.5,454697.99,13947366.81,520876997.6,21431956521.0,14489852.33,449276985.9,16925583783.0,701000000000.0,502542699.8,15813553251.0,600000000000.0,24952100000000.0,16266.32,-5.09e-11,3184276.787,-8862875.261,4.23e-12,-11285.25283,4045779.797,-13386032.65,1779524.357,5087803.097,282183195.5,553327566.0,-1984385.991,-14079528.95,457021125.2,-384375319.4,1.647080908,0.02319387,0.005289824,0.000125226,6.15e-09,3.45e-06,-8.97e-09,94,1.337736823,3.776382026,5.051805292,C,../Images/Training/39.5 hold 1.bmp,94,92.0
1284,93,778233.4775,325.1922736,1.232121036,446.3132295,247.5544077,1346.959132,128,207.8424947,254,8.094995434,7.796529985,146.4136786,213.3012156,465.2089407,8864.02,201782.95,5754313.77,182744524.9,138507.34,3425718.85,103115416.4,3397986171.0,2647043.74,69338665.27,2143694208.0,71686662902.0,56546731.9,1542666802.0,48403620126.0,1630000000000.0,8864.02,-4.29e-12,1160872.091,-1101043.841,8.85e-12,272700.2803,784055.6899,64963033.15,482756.7422,558329.0873,50588019.13,96355311.51,97661.18933,29496771.13,96645744.84,5868480705.0,1.836629173,0.100917174,0.00180155,0.000151003,-6.05e-09,-1.43e-05,-5.83e-09,95,1.802889449,3.017968196,5.441063017,I,../Images/Training/39.5 hold 1.bmp,95,93.0
1285,94,2198139.378,546.5285792,0.176173772,602.054053,504.1397208,2064.016297,108,199.9655689,252,8.812615276,5.122038569,310.766991,257.0122268,642.7847318,25036.64,686736.67,23425777.71,899041015.0,830369.4,23109521.47,796659616.3,30763818391.0,33941100.92,945574927.4,32363913576.0,1240000000000.0,1546420658.0,43030540304.0,1457470000000.0,55081800000000.0,25036.64,-2.11e-11,4589094.596,4738118.939,1.73e-10,333097.9313,1443081.23,75492037.43,6400930.176,-7499737.607,883442518.9,-1409923840.0,-3864232.23,260350803.1,261932032.9,79077780176.0,1.539308841,0.007802312,0.000633913,1.06e-05,2.7e-11,6.69e-08,-8.83e-11,96,1.194220626,3.428290678,4.094135439,C,../Images/Training/39.5 hold 1.bmp,96,94.0
1286,95,684450.5849,304.9694337,0.535995265,323.4767605,294.2938132,1110.045511,118,197.34375,244,8.595192944,3.889329077,164.5155769,156.7785697,360.4710973,7795.84,130439.77,2689255.59,61713827.77,136876.96,2334151.33,48664022.63,1122047483.0,2957846.64,51195777.89,1060251659.0,24110090464.0,71659286.32,1256465624.0,25734984292.0,574000000000.0,7795.84,9.65e-12,506741.121,-240274.8268,-4.13e-12,43929.98365,-23169.99453,2762359.136,554603.0923,162554.9599,19713711.69,9660230.124,251224.2263,8275017.317,-9374747.326,417776271.5,1.533238104,0.002229499,0.00016939,1.55e-05,-4.59e-11,-3.77e-08,7.16e-11,97,1.099162626,3.431608221,3.771895504,I,../Images/Training/39.5 hold 1.bmp,97,95.0
1287,96,1339285.519,426.6009817,-0.215527546,493.9572512,389.8736854,1763.510392,114,198.3912776,255,8.011743697,5.753417717,247.4762039,272.5530405,524.4689578,15254.36,443716.35,14603041.93,523493401.4,402891.26,11510539.02,375515324.5,13376295294.0,13244851.06,369770690.0,11779823506.0,410000000000.0,485944897.3,13318163083.0,414000000000.0,13997400000000.0,15254.36,7.99e-13,1696292.695,39512.12388,-1.44e-10,-208696.6172,1967449.666,-91926259.58,2603869.243,-4469388.433,187453404.7,-967724194.0,-1416555.566,-26051476.61,100586155.2,-11730776261.0,1.622467514,0.015161256,0.002187549,0.000185967,-8.17e-09,-5.82e-06,9.67e-09,98,1.266967404,3.57016804,4.523286535,B,../Images/Training/39.5 hold 1.bmp,98,96.0
1288,97,726406.0895,314.1774439,1.235107911,393.9306987,259.8676851,1244.164959,122,181.5277463,219,8.40824187,7.042002497,134.6393658,181.0649037,397.0934807,8273.71,159880.31,3947477.93,109296899.1,118886.56,2457919.66,63515575.7,1811214366.0,2162071.28,46646333.68,1227217760.0,35228495987.0,44173272.1,985192346.2,26180572515.0,752000000000.0,8273.71,-3.33e-11,857967.4775,-142301.4285,2.66e-11,160568.1614,587887.0804,26750311.08,453767.0067,252222.7923,37742661.59,-791337.9489,65512.23146,21260571.2,63319489.36,2780574828.0,1.682381673,0.046787032,0.00073401,8.73e-05,-1.3e-09,-3.31e-06,1.97e-09,99,1.515889513,3.158334609,4.787686314,C,../Images/Training/39.5 hold 1.bmp,99,97.0
1289,98,2215415.174,548.6720369,0.96894311,746.4539702,433.0471866,2518.713462,108,202.2629038,255,8.219351792,7.632027743,312.4945451,321.6905756,774.5425861,25233.41,866312.72,37622517.7,1849478017.0,841547.81,31990913.45,1501760605.0,78281839291.0,33563180.71,1378977850.0,67953539595.0,3664680000000.0,1480209962.0,64583941085.0,3293690000000.0,181754000000000.0,25233.41,5.81e-11,7880293.845,16730748.88,3.06e-10,3098917.787,34245467.0,2115671299.0,5497108.129,19986523.14,1778743404.0,23964537935.0,-5803218.532,1425338389.0,19254419545.0,912059000000.0,1.84458669,0.089470957,0.010284849,0.001625372,7.09e-07,0.000157788,1.94e-08,100,1.723724327,3.374238148,5.81625638,PS,../Images/Training/39.5 hold 1.bmp,100,98.0
1290,99,1024207.906,373.0605498,-1.377967362,391.6983671,367.4566253,1452.635628,107,203.2650602,255,8.255944798,3.245151425,204.2283695,238.502249,471.8611431,11665.65,296935.3,8826652.44,290290770.6,254264.32,6443252.39,190366326.5,6226491261.0,6668853.88,167666171.0,4855997337.0,155000000000.0,195312646.4,4866252184.0,138000000000.0,4272410000000.0,11665.65,-1.13e-12,1268516.169,1041637.6,-8.79e-12,-28744.63876,-555926.8494,-2359664.09,1126912.846,-828568.3453,62844770.92,-28651729.52,834065.8116,-10054741.21,-69132638.03,-658240671.0,1.545413148,0.001037507,0.000667248,4.38e-06,-2.46e-11,-2.79e-08,-5.68e-12,101,1.06597171,3.708556763,3.953216593,C,../Images/Training/39.5 hold 1.bmp,101,99.0
1291,100,1924194.613,511.3399929,-1.540691996,566.7114129,465.2472821,1864.306849,112,206.8922617,254,8.901880585,5.350138921,246.7646986,294.5561052,596.3031486,21916.43,688966.73,26667591.57,1149416204.0,577182.63,18095212.82,702594195.6,30435361258.0,18578995.29,584295565.7,22529972053.0,967000000000.0,664753516.2,20988395553.0,801000000000.0,33892100000000.0,21916.43,4.89e-12,5009175.713,-3846174.128,-1.17e-10,-49148.70256,3376896.273,-7978557.722,3378536.622,2833435.339,502262960.8,76917337.99,-2487392.525,-30449069.2,293157714.2,-9926316199.0,1.53314448,0.009515476,0.000475093,2.77e-06,2.18e-12,1.66e-08,-1.05e-11,102,1.218086456,3.289693495,4.00713109,C,../Images/Training/39.5 hold 1.bmp,102,100.0
1292,101,726406.0895,314.1774439,-0.895373978,341.2099583,300.73438,1275.823188,104,179.2253681,255,8.017160853,4.426526932,153.4854813,177.5418686,410.6797352,8273.71,156769.47,3596346.55,91719247.59,135527.68,2493291.41,55763559.19,1390453438.0,2812517.94,51042709.57,1110451546.0,26865646094.0,66026435.86,1190207974.0,25220048464.0,591000000000.0,8273.71,3.51e-11,625893.546,-142727.4529,1.88e-11,-74674.17786,-316632.3838,-13527793.19,592503.9383,197791.0683,28338175.08,68656350.72,544880.4685,-10464358.7,-67491012.82,-1324338038.0,1.562671122,0.004111504,0.000551961,1.1e-05,8.81e-11,-1.47e-07,-2.27e-11,103,1.134589129,3.739114749,4.242358947,C,../Images/Training/39.5 hold 1.bmp,103,101.0
1294,103,862144.4867,342.2750886,-1.088851362,414.768156,323.2612329,1585.756219,105,195.6020992,245,7.542058372,5.870809514,173.2019466,181.8477385,466.8103531,9819.76,190576.43,4799754.39,140797696.0,181515.64,3328861.16,78107870.24,2124456895.0,4187171.9,74600548.06,1651119952.0,41728687412.0,109259897.0,1924505743.0,40964759239.0,980000000000.0,9819.76,-1.19e-11,1101153.236,4905600.666,-8.79e-12,-193893.2312,-3088363.715,-79250192.16,831903.7911,506378.2841,70528864.83,537583202.6,1106104.469,-25278825.53,-282316185.4,-8217866127.0,1.760038229,0.019718502,0.0100487,0.002804393,1.56e-06,0.000124269,3.19e-07,105,1.283074225,3.823235212,4.905494558,C,../Images/Training/39.5 hold 1.bmp,105,103.0
1295,104,1514511.45,453.6506573,0.05375425,752.6630014,360.2759875,2779.798777,118,179.0532319,228,6.238759494,8.226820364,500.859837,198.5259207,843.5602376,17250.17,365486.22,9353096.52,268284875.9,922082.96,19824249.55,522599503.4,15400756590.0,56229707.32,1210876620.0,32191413844.0,955000000000.0,3642840865.0,78298895277.0,2084850000000.0,61835100000000.0,17250.17,-1.02e-11,1609394.457,1919333.638,-2.23e-10,287710.7462,10451533.24,8187965.106,6941092.476,-11242902.91,406769288.0,-1569195420.0,-104889224.7,453282009.5,1619500677.0,4626371899.0,2.522802604,0.267181049,0.100088329,0.045445908,0.000326858,0.007643523,-1.29e-05,106,2.089128966,3.693284739,7.71574813,I,../Images/Training/39.5 hold 1.bmp,106,104.0
1296,105,1616520.913,468.6794672,-1.426287918,587.941277,396.1994475,2011.344526,128,213.2427481,255,8.190413701,6.922973589,210.3934555,283.889542,584.6309363,18412.05,557842.95,21380831.43,909691800.3,413423.14,12173316.6,459947101.5,19442264522.0,11391727.42,335255845.2,12631553658.0,532608000000.0,350388826.2,10385024908.0,392000000000.0,16515000000000.0,18412.05,-1.86e-12,4479467.548,-9533645.083,1.84e-11,-352457.7715,1220436.082,-124216361.7,2108747.378,5940726.459,460371746.1,1292783724.0,-99774.68864,-98026270.82,537100359.0,-29891808661.0,1.70624994,0.043788926,0.002777666,5.16e-05,1.5e-09,3.35e-06,-1.45e-09,107,1.483952794,3.420995607,5.076595987,C,../Images/Training/39.5 hold 1.bmp,107,105.0
1298,107,962508.635,361.6492602,0.38727665,532.1995297,290.4622268,1740.556258,114,204.7017094,255,6.942938569,7.85140888,264.9707863,198.6600171,566.3232961,10962.9,232432.22,5807750.88,159814363.9,310015.82,7115596.74,182857892.5,5091756797.0,10755879.22,250691726.4,6447701154.0,179000000000.0,414264622.2,9627271959.0,246000000000.0,6745220000000.0,10962.9,7.79e-12,879790.496,-626007.355,-1.08e-11,542731.4144,-4391027.627,119823375.0,1989055.784,-8046703.589,197209569.0,-1918792293.0,-2392488.198,224767053.5,-2570354098.0,52127969478.0,2.095731083,0.137182749,0.032571997,0.005901309,6.56e-06,0.000361778,-5.76e-06,109,1.832250394,3.270495671,5.992366983,I,../Images/Training/39.5 hold 1.bmp,109,107.0
1300,109,221294.7204,173.4086632,1.172023809,314.992253,156.5275782,981.139054,120,181.3234201,224,5.123028455,8.131224118,109.757881,126.8955762,313.1599229,2520.53,34134.91,620097.23,12943877.29,29524.87,447820.41,9003960.95,201462824.0,410021.83,6797850.67,146729299.5,3447256254.0,6356579.89,114212476.1,2603838061.0,63472420169.0,2520.53,6.19e-12,157816.6459,271511.897,-1.36e-12,47972.44937,440936.2741,5531630.858,64174.74684,121152.1473,5822224.573,40934320.5,50230.29551,4122264.187,36412048.56,584308744.6,3.067832019,0.366354522,0.123347223,0.029961823,9.74e-05,0.003224724,0.000168256,111,2.012375434,3.114803759,6.268154566,I,../Images/Training/39.5 hold 1.bmp,111,109.0
1301,110,6715348.707,955.2555035,-1.181587209,1374.917925,744.0365541,4410.131452,102,198.1675854,255,7.696448984,7.879478632,416.0346576,565.3933529,1341.579834,76487.31,4615305.94,370941152.9,34462469646.0,3396090.91,179368682.5,12712094177.0,1060000000000.0,191411868.6,9312035765.0,593728000000.0,44711800000000.0,12428781526.0,577310000000.0,33945900000000.0,2318060000000000.0,76487.31,2.7e-10,92449872.19,922581853.5,-4.6e-10,-25554180.49,-674036875.8,-64303769880.0,40623019.16,31336864.02,44466803889.0,787441000000.0,322576730.1,-25692230799.0,-500000000000.0,-56900000000000.0,1.997054882,0.12734454,0.018209045,0.003043096,2.38e-06,0.000353832,4.14e-07,112,1.847917172,3.207559791,5.927304819,PS,../Images/Training/39.5 hold 1.bmp,112,110.0
1302,111,1311315.183,422.1227986,0.45199533,760.4045567,327.6476381,2767.213501,113,152.6976161,204,5.640400302,8.455547912,335.8563049,220.1656085,842.2582454,14935.78,350943.98,10342512.3,359207589.1,535354.95,14546166.03,492612223.9,19174619907.0,24381911.25,745826241.9,27694863265.0,1150000000000.0,1251936166.0,42139157212.0,1673690000000.0,72996900000000.0,14935.78,-6.92e-12,2096429.598,17671953.0,-9.64e-11,1967003.987,29460545.82,964603612.6,5192761.27,31918055.23,1301624823.0,27739783966.0,5739598.171,1708906430.0,34550849588.0,1057430000000.0,2.86881596,0.414335482,0.134060573,0.03835407,0.00026089,0.004337121,-0.000134487,113,2.32079975,3.639133244,8.445699525,C,../Images/Training/39.5 hold 1.bmp,113,111.0
1303,112,2844747.743,621.7376176,0.520741698,638.8645551,615.7032521,2399.177005,98,197.6466165,254,8.638085844,2.500111399,337.653288,333.5617033,693.1900415,32401.46,1153456.37,49971643.61,2417096753.0,1167605.07,41854712.45,1835513353.0,89872122952.0,51323603.43,1844595919.0,80511315915.0,3916410000000.0,2500655059.0,89898295049.0,3883300000000.0,186596000000000.0,32401.46,-2.02e-10,8909864.372,3798393.388,-1.9e-10,289255.0405,14162383.63,158465653.7,9248289.556,-3314904.216,1630894073.0,-820545786.5,-15354995.22,109239257.9,3357169359.0,131474000000.0,1.518524193,0.000335278,0.000762911,3.57e-07,1.14e-13,-5.1e-10,6.2e-13,114,1.037617639,3.755376607,3.89664501,I,../Images/Training/39.5 hold 1.bmp,114,112.0
1305,114,153836.8502,144.582408,1.150262507,196.1995947,121.8450805,630.1777945,164,205.9786096,241,6.925652174,7.344110789,78.31716578,81.92486631,202.7040927,1752.19,15319.95,177046.15,2351148.51,14645.31,139041.43,1656868.99,22209158.17,145844.05,1435399.67,17272348.79,231877975.1,1601398.59,16101754.69,194923407.3,2620768339.0,1752.19,-1.46e-12,43098.99358,49521.96312,3.16e-13,10992.86396,-15162.01316,434211.6525,23434.31989,-23523.93685,563693.9195,-183544.8497,-9349.720886,386164.0197,-345356.5723,14988132.0,1.902637006,0.075936222,0.007340666,0.000595866,-5.24e-08,-3.78e-05,-1.22e-07,116,1.610238131,3.211922,5.17195928,PS,../Images/Training/39.5 hold 1.bmp,116,114.0
1306,115,428604.2725,241.3312219,-0.985482862,337.4370387,205.8880522,1198.922597,123,209.5815739,255,7.210886263,7.423701033,141.0535701,160.3331094,355.5665001,4881.77,83533.55,1749257.19,40970484.29,73488.91,1143111.89,23189016.55,540621574.0,1329406.23,18760754.55,361604650.7,8212016974.0,26526123.31,340192888.9,6165353435.0,135000000000.0,4881.77,3.16e-12,319887.5197,90978.8691,2.33e-13,-114380.6871,770558.7941,-15222292.54,223123.08,-543431.7901,13117700.97,-94123822.42,-204091.0765,-11400967.02,82293408.78,-1343803069.0,2.000473767,0.089363537,0.025833007,0.001461257,8.32e-07,0.000115892,-4.76e-07,117,1.638934533,3.553026075,5.823177131,PS,../Images/Training/39.5 hold 1.bmp,117,115.0
1307,116,1206837.75,404.9577428,0.607162168,549.8247458,334.6696112,1877.890982,113,191.935242,255,7.662090301,7.434276326,223.0149421,254.5420859,555.0489367,13745.79,373413.24,11846153.68,410036971.9,327162.92,9760138.69,323378817.4,11472794552.0,10138771.02,313924206.3,10521379856.0,375000000000.0,359331329.4,11260568043.0,377000000000.0,13356800000000.0,13745.79,-3.55e-11,1702142.473,-4251017.264,1.97e-11,872547.2191,-5977559.87,268929269.9,2351981.303,-3036952.6,267909030.4,-1575695172.0,6060104.213,233092268.8,-1414758180.0,60845973313.0,1.883808605,0.079905118,0.009413121,0.000834408,-5.78e-08,-2.85e-05,-2.43e-07,118,1.642888172,3.415435549,5.611178666,PS,../Images/Training/39.5 hold 1.bmp,118,116.0
1308,117,9871.883436,36.62564429,0.112979609,44.6248405,33.47440746,88.54413378,157,182.8333333,193,8.031428571,6.196296726,24.20583333,10.93166667,47.77781284,112.44,131.18,243.62,524.72,290.47,346.69,684.01,1527.31,908.89,1077.55,2126.99,4731.85,3045.25,3551.23,6924.43,15188.77,112.44,-8.32e-15,90.57666667,29.15111111,-1.66e-14,7.808333333,36.43888889,12.36319444,158.5091667,-23.16472222,57.06590278,-14.32250772,-121.6798611,21.63559028,49.79619985,-20.71527939,1.729762731,0.025006675,0.027059308,0.003131754,2.51e-06,0.000151061,1.77e-06,119,1.333103224,1.984189362,2.645129234,PS,../Images/Training/39.5 hold 1.bmp,119,117.0
1309,118,2214592.517,548.5701574,-0.984289493,679.2127809,450.9041993,2307.027517,118,204.9654532,255,8.408013333,7.007394363,268.6008655,318.0091679,699.2431166,25224.04,856080.68,35919201.62,1680930007.0,723073.53,22404822.51,885913944.8,39804387500.0,25797568.33,754945407.0,28333727968.0,1220000000000.0,1028533628.0,28978033624.0,1040000000000.0,42793800000000.0,25224.04,8.44e-11,6864612.004,-4091820.403,3.25e-10,-2135626.968,1214826.981,-1125085657.0,5069908.138,1839672.235,1094048788.0,213110929.5,-1649147.993,-822853632.7,-562958336.5,-365000000000.0,1.646853058,0.043619675,9.09e-05,3.97e-06,3.83e-12,4.54e-09,7.08e-12,120,1.506335008,3.396619708,5.116447176,C,../Images/Training/39.5 hold 1.bmp,120,118.0
1310,119,5427067.919,858.7522585,0.399560207,916.8967656,825.0655196,3340.058186,113,198.0395634,255,8.729542438,4.087274096,451.3834516,391.2063771,1012.653836,61813.89,2580788.47,138770215.4,8392837341.0,2977776.63,126847602.5,6863695150.0,418000000000.0,179377677.7,7704238627.0,414702000000.0,25171700000000.0,12103467214.0,520005000000.0,27693500000000.0,1664190000000000.0,61813.89,-4.03e-10,31019851.69,8832986.725,1.01e-10,2522607.021,-31961060.08,4988405724.0,35928468.2,-27993771.37,15156545836.0,-37986148682.0,676681.6036,1157481574.0,-65597474394.0,3734040000000.0,1.538320099,0.002791944,0.000153218,1.15e-05,3.85e-11,1.9e-07,3.42e-11,121,1.111301762,3.642785438,4.048233876,I,../Images/Training/39.5 hold 1.bmp,121,119.0
1311,120,1104005.631,387.3208784,-0.818661679,635.3984616,309.1409989,2336.136375,112,152.7853949,204,5.942599244,8.186225662,265.1109538,354.4680775,628.2792869,12574.54,475696.16,20322049.54,931547709.4,355778.9,12082952.32,480744285.0,21074584205.0,12209297.4,378636771.4,13961920556.0,577398000000.0,465067712.8,13438968038.0,461000000000.0,17891000000000.0,12574.54,8.52e-12,2326414.182,-13254527.07,-1.7e-11,-1376200.583,9884136.928,-495488792.8,2143034.484,-5366908.326,365440375.0,-3877796458.0,-1645447.435,-393986186.9,2476676129.0,-106000000000.0,2.481697949,0.250378684,0.024216082,0.010166292,1.56e-05,0.001301367,6.81e-06,122,2.055367822,3.676647831,7.556863645,C,../Images/Training/39.5 hold 1.bmp,122,120.0
1312,121,2699960.12,605.708877,1.544126899,743.6477467,577.0786223,3177.610036,115,197.1032907,255,7.793294475,5.909843772,309.5811456,397.5712127,745.4304663,30752.34,1304828.72,67467110.84,3817048486.0,1016045.32,43239411.05,2222243818.0,125000000000.0,40863525.74,1776720313.0,91044422954.0,5061330000000.0,1826539095.0,81263826406.0,4157320000000.0,228920000000000.0,30752.34,1.74e-10,12102934.05,-72656680.2,3.02e-10,128379.0324,-17737514.42,255797943.1,7293784.631,34388516.25,1799050192.0,9162646526.0,-5543457.866,-65610464.64,-7150978060.0,-15059246136.0,1.800740423,0.02133432,0.009300789,0.000562338,2.67e-08,1.36e-05,1.35e-07,123,1.288641994,4.273004323,5.506372812,C,../Images/Training/39.5 hold 1.bmp,123,121.0
1314,123,969912.5476,363.0375543,-1.001665025,446.4205876,303.4852115,1389.927951,106,191.7480916,252,8.617184087,6.871769706,169.7805852,198.0813232,462.843857,11047.23,233537.88,6259441.1,189451168.0,200171.31,3848952.38,96275962.92,2782690494.0,4596144.29,82527286.96,1934067865.0,53121473136.0,119924652.9,2032123135.0,44736446861.0,1170000000000.0,11047.23,-4.39e-12,1322462.202,1213334.367,2.51e-11,-382658.9266,-963780.9713,-75936803.56,969121.6475,-767721.5112,99564043.74,38848233.5,1524210.201,-84442191.18,82261933.48,-13730138892.0,1.648572847,0.039247006,0.001492713,2.4e-05,-4.36e-10,-1.52e-06,-2.13e-10,125,1.470979707,3.113494292,4.579886922,I,../Images/Training/39.5 hold 1.bmp,125,123.0
1315,124,2119986.968,536.725043,0.45115753,757.3714681,434.0366898,2727.517084,115,180.3426465,253,7.583696608,7.67869019,344.3774971,278.6093326,787.6375406,24146.49,717976.25,25845467.77,1034614908.0,887460.81,28986151.22,1075810684.0,43205871098.0,41218133.39,1403337292.0,52572186064.0,2100000000000.0,2175650949.0,75851480821.0,2860000000000.0,113844000000000.0,24146.49,-3.5e-11,4497027.663,-1309988.271,-2.63e-10,2598225.506,-28605244.07,840678008.0,8601107.508,-13236606.62,1587946049.0,-9272664398.0,28516118.61,2090699579.0,-12807581614.0,677699000000.0,1.97233477,0.106105624,0.013659708,0.000198713,-1.05e-08,-1.29e-05,-3.33e-08,126,1.744948033,3.601293683,6.284070328,I,../Images/Training/39.5 hold 1.bmp,126,124.0
1316,125,4259717.703,760.8090557,0.656602763,982.3823394,724.0576995,3890.843146,111,201.9571263,255,7.388131567,6.332679039,409.8026864,440.4515257,1061.170599,48517.86,2280658.0,130986228.4,8263174316.0,2121958.31,107107345.6,6235370844.0,390000000000.0,120464083.8,6276855189.0,363000000000.0,22270900000000.0,7952195700.0,421000000000.0,24106800000000.0,1448200000000000.0,48517.86,-2.61e-11,23780327.05,-129701543.5,3.62e-10,7361371.739,-185457661.8,6267257065.0,27658938.07,-29655946.86,9837891196.0,-127000000000.0,264264066.4,9093354738.0,-141000000000.0,6710000000000.0,1.918539138,0.034413663,0.019356245,0.00090617,-3.93e-07,-5.07e-05,-9.73e-08,127,1.356773556,3.960620005,5.373664486,I,../Images/Training/39.5 hold 1.bmp,127,125.0
1317,126,2130681.508,538.0771284,-0.013423786,620.2604511,484.1898039,2148.67925,89,187.23861,243,8.627195165,5.856266143,305.0676641,266.8930541,646.0545353,24268.3,691253.01,23740122.47,897918320.3,790125.25,22470909.12,767179994.0,28804020383.0,32370791.99,937843712.3,31990514850.0,1190000000000.0,1492882924.0,44174730690.0,1508410000000.0,55874000000000.0,24268.3,-8.63e-11,4050621.193,-9044231.644,-1.82e-10,-34847.66311,-3763710.24,-23895453.27,6645961.215,18070206.84,778449416.3,4022816340.0,6200146.605,-2391077.083,-763643532.7,-6054684190.0,1.594577065,0.015986852,0.003944107,8e-05,-4.16e-09,-2.9e-06,-2.39e-09,128,1.281027494,3.464156462,4.437679672,I,../Images/Training/39.5 hold 1.bmp,128,126.0
1319,128,1409211.36,437.5959881,0.046677799,713.0822206,327.9343529,2497.034013,122,213.1465266,255,6.741205376,8.320368352,353.5164799,173.5337128,709.2167793,16050.81,297263.25,6744104.35,172307075.7,605573.73,11428841.99,261953501.3,6731113716.0,28647453.83,553834154.8,12798650208.0,329727000000.0,1484759996.0,29081473214.0,672337000000.0,17274200000000.0,16050.81,-1.33e-12,1238747.312,1521770.742,1.11e-10,213531.6664,-401025.4304,32778095.03,5800037.253,7166817.43,377401996.6,1898894453.0,-33720744.64,-139521352.7,-3112993739.0,-25017923947.0,2.398738729,0.26013382,0.010538964,0.008970581,9.13e-06,0.001240305,1.82e-06,130,2.174466366,3.501747682,7.614432557,I,../Images/Training/39.5 hold 1.bmp,130,128.0
1320,129,2843925.087,621.6477126,-0.884400411,759.044322,559.265157,2938.479997,102,192.6387041,255,7.814738239,6.335140327,322.3854614,451.0230662,880.2315846,32392.09,1559186.74,85897319.9,5111443448.0,1114486.54,50668387.44,2658135777.0,150886000000.0,47996700.6,2151051392.0,110000000000.0,6100000000000.0,2317810593.0,104000000000.0,5330530000000.0,290129000000000.0,32392.09,-6.8e-11,10846179.63,-67364128.12,2.73e-11,-2977198.105,-10645126.74,-2747260458.0,9651529.052,45607602.47,2502639666.0,14066961426.0,2286179.279,-1241768846.0,-17802760967.0,-982000000000.0,1.715167574,0.0275599,0.009265105,0.000117419,7.77e-09,-3.25e-06,1.05e-08,131,1.357217256,3.871289083,5.254180348,I,../Images/Training/39.5 hold 1.bmp,131,129.0
1321,130,742036.5716,317.5396187,0.147449893,419.0601568,250.4230927,1183.007795,145,211.5731707,255,8.896568421,7.512934349,200.6343459,101.4598559,426.7209517,8451.74,91516.79,1382927.67,24012283.49,180972.18,2058307.9,32049410.36,567948363.8,4916963.72,55908934.74,865304770.4,15232878432.0,148429345.4,1668332079.0,25420577174.0,441000000000.0,8451.74,-3.2e-12,391969.2577,549110.5055,2.72e-11,98712.24361,299842.749,9325356.928,1041911.963,-1560068.807,38476984.57,-103943115.4,-1474437.939,25553759.54,-38362553.84,1928220823.0,1.762382217,0.07438985,0.005895189,0.000429288,4.02e-08,1.64e-05,-6.08e-08,132,1.673408599,2.823002319,4.724036357,C,../Images/Training/39.5 hold 1.bmp,132,130.0
1322,131,3933122.892,731.0616832,-1.349139574,867.3466136,685.8013565,3339.17358,111,197.1165028,255,7.880029903,5.736483834,365.9571972,372.2522067,981.1244628,44797.97,1779737.8,94261768.98,5849338201.0,1749641.36,67581415.47,3522714288.0,215000000000.0,83767837.48,3076741043.0,154000000000.0,8970000000000.0,4482360238.0,156840000000.0,7465650000000.0,415931000000000.0,44797.97,-3.01e-10,23556184.85,232813645.2,-4.63e-10,-1928494.574,-5567468.476,-3898569711.0,15433381.95,-100555585.9,5761582908.0,-57943644777.0,5160939.578,-628799881.9,25388975943.0,-1530000000000.0,1.705732493,0.016515786,0.012225211,0.000747335,2.41e-07,2.84e-05,7.63e-09,133,1.264719886,3.849872158,4.869009878,C,../Images/Training/39.5 hold 1.bmp,133,131.0
1323,132,1514511.45,453.6506573,1.004829047,493.4395112,442.8242501,1885.320392,124,208.7544813,255,8.226118264,4.133762459,224.5033677,250.3739326,587.0288174,17250.17,460938.41,15139249.55,560521767.4,413310.7,11307388.05,377430430.7,14219326478.0,12478178.92,339131043.0,11234055591.0,422000000000.0,423154934.4,11277389705.0,367000000000.0,13659700000000.0,17250.17,-3.68e-11,2822604.681,5144316.408,1.65e-11,263393.881,620779.4382,175380592.7,2575335.369,-6917660.884,369657661.7,-1406725927.0,771143.8734,13965746.07,342018616.9,22996864239.0,1.592650492,0.003146249,0.003390555,2.56e-05,3.64e-10,-3.66e-07,7.2e-10,134,1.114301015,3.820773061,4.257491299,MC,../Images/Training/39.5 hold 1.bmp,134,132.0
1324,133,3052879.953,644.0804653,1.223353816,708.0941774,610.0511728,2923.012398,103,193.4112099,255,8.179738885,4.757058858,294.934069,342.329453,788.9740306,34772.07,1270384.6,58453339.5,3025913525.0,1094500.33,41011309.38,1912218637.0,99817509437.0,44034043.27,1662815604.0,77426855529.0,4030000000000.0,1986431389.0,75380466719.0,3500000000000.0,181296000000000.0,34772.07,-1.29e-11,12040312.27,10565951.58,-1.19e-10,1024148.307,-2517064.495,747425284.7,9583089.606,-10424779.92,2931209823.0,-979765223.8,-2885449.593,747270365.0,-4720998146.0,573413000000.0,1.570153498,0.00575863,0.000268759,4.43e-06,-3.07e-12,-8.79e-08,1.6e-11,135,1.160712755,4.127999483,4.791421653,C,../Images/Training/39.5 hold 1.bmp,135,133.0
1325,134,5090601.225,831.7059391,0.50196308,1011.80809,894.438911,5659.785231,104,196.0237557,255,6.631010979,4.380342446,604.652702,404.218287,1093.122047,57981.56,2501302.76,143064270.8,9723009522.0,3741590.92,165305971.0,9631641284.0,662000000000.0,281565501.6,12413005604.0,713017000000.0,48123700000000.0,22942651459.0,997000000000.0,55704100000000.0,3651820000000000.0,57981.56,4.29e-10,35159007.56,517777706.3,2.88e-10,3895141.525,63533194.54,4208417951.0,40118003.25,-236337025.0,11424099278.0,-156000000000.0,-404654780.2,3896077083.0,-33086757398.0,2971720000000.0,1.965901505,0.006207363,0.021870934,0.002300474,-1.74e-06,-4.3e-05,-8.17e-08,136,1.131221012,5.593733915,6.327749342,C,../Images/Training/39.5 hold 1.bmp,136,134.0
1327,136,1040661.046,376.0450817,-1.399085806,529.6808597,341.1872792,1992.604526,110,196.1715415,255,6.655277934,7.167204466,189.340664,440.8788696,666.9176077,11853.05,557711.77,28568445.99,1535802172.0,239515.94,11036557.57,560110724.3,30018136718.0,5862602.86,269610309.2,13635602014.0,728000000000.0,156247992.0,7231127950.0,366000000000.0,19467500000000.0,11853.05,4.47e-11,2326894.795,-27376234.7,1.45e-11,-233188.0938,4768874.976,-140381298.3,1022676.806,3186216.96,100492119.0,197590392.7,-3548990.856,-28181177.07,-74069872.41,-5498483969.0,2.093187896,0.079957304,0.055449057,0.019327835,6.45e-05,0.001733125,1.99e-05,138,1.552463682,3.761896412,5.840207555,C,../Images/Training/39.5 hold 1.bmp,138,136.0
1329,138,674578.7015,302.7621471,0.000149412,365.0936282,264.0621259,1213.448463,116,165.3487805,210,7.962072539,6.470574313,185.2746098,153.4737439,394.9874571,7683.4,125848.47,2442693.41,52430013.03,151925.18,2488475.23,48689565.25,1053140653.0,3733101.7,60554571.37,1177581787.0,25299478891.0,101791669.6,1637438655.0,31558317519.0,670806000000.0,7683.4,-5.56e-12,381387.5556,-73215.884,-3.74e-11,51.94636585,388069.7219,-2677648.573,729059.1774,-592957.2269,30959785.26,-97102981.37,-855210.81,5278592.006,-13225090.99,147485560.2,1.651467479,0.028532743,0.002011415,0.00019057,-7.17e-09,-3.58e-06,-1.04e-08,140,1.382605048,3.323663766,4.595314301,I,../Images/Training/39.5 hold 1.bmp,140,138.0
1330,139,3796561.838,718.2580513,0.326363792,856.9914235,613.1641586,2824.708186,112,194.7540628,255,8.681499699,6.546149167,444.2050011,365.695974,864.1761576,43242.55,1687686.92,78575414.5,4070537326.0,2050006.08,83359399.18,4009530474.0,214000000000.0,118658906.5,4945740770.0,241000000000.0,12914700000000.0,7630159341.0,322000000000.0,15701400000000.0,842135000000000.0,43242.55,6.18e-11,12707718.45,11942268.42,6.8e-10,3350971.205,22927972.27,2650773396.0,21473959.52,-3044791.503,4546418848.0,13663018982.0,-31159773.61,2287027247.0,15579422817.0,1572330000000.0,1.604907356,0.028647649,0.000531875,7.49e-06,-4.52e-11,-2.76e-07,2.24e-11,141,1.397654138,3.29607521,4.606773156,I,../Images/Training/39.5 hold 1.bmp,141,139.0
1331,140,1438004.354,442.0438618,-0.233979382,528.4258444,390.4277247,2011.344526,102,195.6327231,255,7.696785714,6.31415558,258.5755492,233.2100801,629.5357072,16378.76,407651.22,12002820.08,391456318.1,451990.06,10916153.07,309229142.9,9706220609.0,15649436.68,370913071.0,10129678119.0,305000000000.0,617230759.6,14449144787.0,384000000000.0,11135400000000.0,16378.76,-4.14e-11,1856782.336,290966.3206,1.17e-10,-333434.7735,-5404271.57,-73278305.73,3176269.338,-183003.9306,244854157.1,183239205.9,10061831.0,-136193854.3,-261854677.7,-23672667357.0,1.647208341,0.024986036,0.004519294,0.00014194,1.21e-08,6.38e-06,-1.23e-09,142,1.35345369,3.806294765,5.151643693,I,../Images/Training/39.5 hold 1.bmp,142,140.0
1333,142,1465152.033,446.196963,-1.320564714,506.913305,411.8442583,2001.032793,116,173.0443571,222,7.973229814,5.462933751,214.1105503,245.7928299,586.9540319,16687.97,437757.03,14472180.51,538962559.3,381330.89,9754085.67,317572022.3,11651091128.0,10792262.93,270583233.8,8625814314.0,309000000000.0,342167110.4,8478769798.0,266000000000.0,9340000000000.0,16687.97,-2.38e-11,2988985.291,2516400.451,-5.99e-11,-248945.1273,-66043.67649,-145447496.6,2078605.866,-1141130.109,298594925.8,-595517241.2,561961.3811,-28732679.24,455209008.4,-13259493377.0,1.597620891,0.011420722,0.000213569,1.27e-05,2.79e-11,1.64e-07,6.51e-11,144,1.230837373,3.947485247,4.858712372,C,../Images/Training/39.5 hold 1.bmp,144,142.0
1335,144,3446109.976,684.3051846,0.376039952,733.4239236,654.683535,2684.824092,113,201.5509668,255,8.720491002,4.223717271,371.5476772,358.4891764,809.0820023,39250.93,1501711.16,69842274.66,3586150866.0,1556413.22,60590392.88,2845673348.0,147000000000.0,76334485.3,3044454768.0,144000000000.0,7373150000000.0,4206932893.0,172000000000.0,8156550000000.0,417203000000000.0,39250.93,-1.2e-10,12387931.33,-33868144.53,-2.79e-10,1043189.743,-3598732.047,332642365.2,14618186.82,41223581.47,3188894269.0,11839507447.0,20742132.12,1336707636.0,9773666066.0,359172000000.0,1.539010003,0.003232673,0.002135748,2.88e-05,7.53e-10,5.34e-07,1.19e-10,146,1.120272444,3.660671551,4.100949464,I,../Images/Training/39.5 hold 1.bmp,146,144.0
1336,145,551180.1585,273.6730621,-0.446952819,318.0941661,249.8534289,1056.099054,122,208.7910448,255,8.163719116,5.799090337,146.3118507,134.6343134,332.7339642,6277.9,90204.99,1607470.35,32332037.67,98028.94,1341034.4,22823670.88,437091403.9,1950552.9,25998582.94,428390122.1,7913030927.0,43723118.56,577280078.0,9335602018.0,169000000000.0,6277.9,-1.45e-12,311345.8146,287605.7694,7.72e-12,-67509.78713,-336808.7621,-11438616.18,419838.3175,80078.4888,18572838.67,50458504.88,153892.5973,-5331759.352,-35942478.21,-971486161.8,1.628835224,0.015888965,0.001073368,0.000133313,5.33e-09,1.34e-06,7.79e-10,147,1.273123077,3.320083065,4.226874367,C,../Images/Training/39.5 hold 1.bmp,147,145.0
1338,147,708307.6365,310.2388815,0.68927326,405.3206623,254.0090883,1351.11614,116,166.0092915,199,7.78722973,7.301771835,171.3806736,156.797863,447.0187294,8067.57,135002.96,2861429.34,68799018.86,147558.76,2750451.06,62783478.86,1590820741.0,3410661.26,67458321.78,1599956716.0,41629082007.0,88059784.72,1817350404.0,44294991698.0,1170000000000.0,8067.57,9.65e-12,602285.7306,758438.6694,-4.53e-12,281198.3143,1035743.819,44235402.16,711758.4116,97776.43727,57962104.43,124295584.4,-359072.9501,56176259.15,225785227.1,8277715086.0,1.772571048,0.063750648,0.002758847,0.000268628,2.08e-08,2.02e-05,1.33e-08,149,1.595693544,3.333449948,5.31916456,PS,../Images/Training/39.5 hold 1.bmp,149,147.0
1341,150,1104828.288,387.4651589,-0.06315964,523.5456528,392.2902769,2038.512793,105,171.9553239,217,6.493245614,6.205151965,373.7534624,236.1686523,610.202141,12583.91,317174.5,9377177.42,306517661.7,501950.9,12583722.6,376328396.9,12493817375.0,22473101.7,560897607.5,16739017610.0,554000000000.0,1063342513.0,26432629131.0,783000000000.0,25648200000000.0,12583.91,3.99e-11,1382868.541,458349.7907,9.13e-11,-67832.10216,5708023.82,-34985089.36,2451128.719,-120234.0089,85531381.75,-266628360.4,-28614292.34,-30503353.8,361528072.4,-3336134563.0,2.125689233,0.038041602,0.051118822,0.012819871,3.5e-05,0.000813028,2.18e-06,152,1.33458738,3.893667691,5.196439761,C,../Images/Training/39.5 hold 1.bmp,152,150.0
1342,151,1442940.296,442.8018684,0.388281492,465.6553154,433.6879666,1669.810392,109,194.527366,255,8.737363105,3.411859066,231.4026739,260.303301,523.7989237,16434.98,456571.99,14932528.61,536963919.6,405880.29,11393423.39,373865839.1,13481053552.0,12512332.57,354957966.2,11546748289.0,410701000000.0,434647698.6,12388953179.0,397000000000.0,13857100000000.0,16434.98,3.45e-11,2248729.661,-2810893.422,5.68e-11,117865.2994,-1458440.646,68785254.85,2488662.945,1537457.928,181937510.2,255623671.4,2720939.432,-15343312.68,-252316976.5,5607999971.0,1.53985632,0.001275693,0.000677966,2.07e-05,-2.61e-10,-1.71e-07,-9.26e-12,153,1.073710481,3.5859365,3.850257605,I,../Images/Training/39.5 hold 1.bmp,153,151.0
1343,152,1540013.816,457.4541506,-0.854979482,670.1936235,366.1771521,2334.528738,112,178.3541667,245,7.345326633,7.847754984,263.0006838,332.2996421,769.5959248,17540.64,622064.93,25975298.49,1201057197.0,492337.28,15512259.88,606764432.1,26987347186.0,17187634.62,476080311.3,17187272132.0,724000000000.0,686523183.9,16729561125.0,552895000000.0,21789300000000.0,17540.64,-9.81e-11,3914257.551,2231673.666,-1.17e-11,-1948092.514,15855107.33,-1060837275.0,3368526.692,-24105975.42,1062872544.0,-17305071684.0,14996043.68,-983275072.9,16211511182.0,-618000000000.0,2.078192414,0.134509859,0.030724459,0.006639752,1e-05,0.000706938,-1.34e-06,154,1.83024424,3.483364592,6.37540798,C,../Images/Training/39.5 hold 1.bmp,154,152.0
1345,154,5646717.325,875.9580087,-0.7821791,1237.022734,635.4194328,3548.310154,113,201.6787587,255,8.57771139,8.039355275,504.9889423,466.4223281,1239.463657,64315.68,3201522.86,203473373.0,14554078564.0,3466244.1,146756819.2,8276633983.0,542377000000.0,231249726.0,8803963379.0,451000000000.0,27227800000000.0,17287571798.0,611000000000.0,28936100000000.0,1626620000000000.0,64315.68,1.03e-09,44107124.74,34375262.36,1.63e-09,-25786792.65,-122163420.5,-32071529992.0,44439166.57,72272313.51,32406589703.0,181486000000.0,34516302.75,-36727605816.0,-117000000000.0,-41600000000000.0,1.879385302,0.127886281,0.001359502,0.000133475,6.05e-09,1.53e-05,-4e-10,156,1.946781401,2.868427602,5.584201506,I,../Images/Training/39.5 hold 1.bmp,156,154.0
1346,155,1640377.964,472.1252493,-1.219780288,509.5454397,448.4233701,1739.281573,110,193.7316951,247,8.694174034,4.449706665,233.7284002,263.4266951,567.1753182,18683.78,525272.83,18128635.61,702607154.3,466054.43,12851123.66,433341117.7,16409038743.0,14391992.05,391071136.2,12749939860.0,464000000000.0,501642505.2,13517960774.0,428000000000.0,14971800000000.0,18683.78,-2.3e-11,3361198.51,3949161.256,-4.02e-11,-251456.7268,-4726776.676,-122119329.1,2766575.152,-998206.8781,280583494.8,-31171914.0,4623119.238,-41054280.63,-383423567.5,-13013218459.0,1.541176605,0.004094396,0.001360283,2.95e-05,2.8e-10,4.98e-07,5.66e-10,157,1.136304381,3.413398369,3.878659519,PS,../Images/Training/39.5 hold 1.bmp,157,155.0
1347,156,6373946.072,930.6565885,-0.43930846,1210.215754,747.043238,4385.683932,106,194.6757873,255,8.137049989,7.371779356,603.1858893,503.6895018,1292.9921,72598.76,3902586.26,247102416.7,17218308833.0,4673484.27,233191339.9,13895995954.0,923000000000.0,368069613.3,17569544164.0,998000000000.0,63372900000000.0,32341589195.0,1500000000000.0,82126600000000.0,5011330000000000.0,72598.76,3.53e-10,37316746.6,-76781901.04,1.5e-09,-18034376.59,-72119163.98,-17278214652.0,67217984.16,105655453.8,27149151941.0,134519000000.0,-6786058.241,-32492216162.0,-227000000000.0,-24500000000000.0,1.741331198,0.065004616,0.000760455,2.7e-05,2.2e-10,2.21e-06,-3.49e-10,158,1.620007642,3.623886003,5.870723017,C,../Images/Training/39.5 hold 1.bmp,158,156.0
1349,158,2949225.177,633.0517741,0.647099451,803.2659492,556.5706832,2882.259997,113,201.106834,255,7.842972216,6.756223525,333.1747225,365.6443208,901.908132,33591.45,1310834.89,61475642.37,3195167348.0,1194431.38,50468637.78,2531332373.0,139511000000.0,54984865.34,2507794952.0,133000000000.0,7640000000000.0,2895449224.0,141041000000.0,7807900000000.0,463952000000000.0,33591.45,-2.14e-10,10323098.83,-9462792.149,-2.88e-10,3858493.633,44266988.79,3089388177.0,12513750.77,87729975.29,4612188404.0,70834584476.0,50401398.05,4058920567.0,85361928980.0,3313400000000.0,1.776879069,0.041577469,0.014621495,0.002719206,1.79e-06,0.000180442,-3.78e-07,160,1.443241575,3.588176494,5.178605493,C,../Images/Training/39.5 hold 1.bmp,160,158.0
1350,159,2612758.483,595.8471921,0.181628864,856.1997358,587.0371422,3758.388461,113,184.6479849,251,6.225757322,6.820883979,452.9905258,366.1144584,1067.110956,29759.12,1162779.52,53002342.0,2624145559.0,1438697.91,57676369.73,2732030005.0,141000000000.0,84815000.57,3605602152.0,179000000000.0,9670000000000.0,5536664815.0,251000000000.0,13105200000000.0,733056000000000.0,29759.12,-8.58e-11,7569002.166,-38305454.45,-4.05e-11,1462057.438,55389716.59,1185046579.0,15261476.26,150255904.5,4041735967.0,74122555464.0,-39322380.89,2896310302.0,92092630298.0,2730000000000.0,2.263362025,0.07103705,0.092941969,0.004224395,-6.06e-06,-0.000293183,-6.56e-06,161,1.45851033,4.389616468,6.402300962,I,../Images/Training/39.5 hold 1.bmp,161,159.0
1353,162,1366433.199,430.9029491,1.057583151,577.9018203,346.336556,1956.456336,117,200.295003,253,7.977227063,7.500914829,252.301776,266.1734377,624.4245614,15563.57,442114.08,15687666.28,621100457.2,419073.25,12918831.28,488401898.7,20328922323.0,13184742.51,436208131.5,17217613467.0,739000000000.0,456093810.8,15994310905.0,651727000000.0,28594500000000.0,15563.57,1.49e-11,3128538.796,-2283525.301,3.86e-12,1014224.279,8365058.781,436646062.9,1900545.577,7050243.27,355618171.4,3818353903.0,-1276093.24,262488441.5,3075411122.0,105062000000.0,1.822844646,0.078834591,0.010506181,0.000616008,1.34e-07,3.37e-05,9.98e-08,164,1.668613406,3.38544761,5.649003268,C,../Images/Training/39.5 hold 1.bmp,164,162.0
1354,163,2872718.08,624.7866881,0.391635487,692.8543196,570.906618,2364.855155,112,198.6927262,255,8.713725699,5.309051466,339.117795,280.0884049,788.1946869,32720.04,978068.71,37351265.57,1604883958.0,1184199.34,36664566.38,1433081045.0,62557565930.0,53516848.7,1685397154.0,66048099469.0,2880000000000.0,2696661994.0,86000687791.0,3360000000000.0,145590000000000.0,32720.04,1.31e-10,8114797.599,3242781.445,4.68e-10,1266433.589,5556439.993,580734617.7,10658463.54,-5999763.586,2075934569.0,-2608714635.0,-11712075.23,1066871537.0,-1621317895.0,434611000000.0,1.539540971,0.00924847,0.000258304,9.35e-06,3.99e-11,2.93e-07,-2.85e-11,165,1.213603587,3.413206916,4.142280157,MC,../Images/Training/39.5 hold 1.bmp,165,163.0
1355,164,5180270.833,838.9991037,-1.042265899,1371.37776,634.4811959,4268.468343,107,198.4734,255,7.549953935,8.306842009,464.0076973,726.1281277,1367.666975,59002.89,4572428.82,417546352.3,41131805875.0,2921856.47,199394237.2,16723445776.0,1550000000000.0,177387695.9,11240780749.0,891000000000.0,78694700000000.0,11784952878.0,715000000000.0,54644100000000.0,4672250000000000.0,59002.89,-1.56e-10,63205991.77,-1022244063.0,1.61e-09,-27035023.02,236472441.1,-59298788819.0,32695711.61,171700928.8,36147983444.0,-217000000000.0,-237606353.5,-25283472477.0,-124000000000.0,-49000000000000.0,2.41857152,0.261630109,0.035143747,0.007798039,1.17e-05,0.000637332,7.27e-06,166,2.161415924,3.112540153,6.727493849,I,../Images/Training/39.5 hold 1.bmp,166,164.0
1356,165,621928.6565,290.7070392,-1.240424273,319.5381484,274.0885665,1099.733778,123,197.0529101,252,8.670403917,4.816577375,143.3386905,136.4475265,344.0206697,7083.72,103154.33,2002715.69,44679711.23,108364.05,1536267.72,29444437.92,651400844.6,2050858.75,27819436.3,513179889.3,11008286893.0,43481250.75,563970705.1,9953425711.0,206000000000.0,7083.72,-1.19e-11,500564.8713,937205.4542,-1.45e-11,-41747.92345,23536.89318,-6561811.605,393146.7946,-768228.3948,19994818.11,-64478016.46,79575.08355,-4645244.219,22527510.46,-584606190.6,1.563701439,0.006047618,0.004542045,1.69e-05,-3.79e-11,-7.95e-08,5e-10,167,1.165820787,3.441635322,4.012330001,C,../Images/Training/39.5 hold 1.bmp,167,165.0
1357,166,3389346.646,678.6459446,1.010639117,839.3007673,639.2813285,3607.964131,101,185.1478155,253,8.231215352,6.071287438,362.753182,353.4855243,924.9761027,38604.4,1456360.36,72005713.96,4081066395.0,1494543.11,60040327.03,3161051047.0,189000000000.0,71385691.69,2958709889.0,160608000000.0,9820000000000.0,3767821326.0,159123000000.0,8785730000000.0,545016000000000.0,38604.4,-1.98e-10,17064165.89,77133758.31,2.06e-10,3658325.452,97376335.83,3889687699.0,13525470.9,-17591824.17,5851629870.0,30009087836.0,-43086040.41,2574751638.0,34559420439.0,2326580000000.0,1.802104156,0.024467079,0.011619565,0.000583711,8.54e-08,2.79e-05,1.38e-07,168,1.312881716,4.298773778,5.643781494,C,../Images/Training/39.5 hold 1.bmp,168,166.0
1359,168,512515.2817,263.8995645,-1.503923252,329.8784863,225.9982588,1009.524881,113,165.8314607,231,8.831331316,6.825607277,129.5857464,171.6229053,352.839913,5837.51,106921.07,2409523.61,60334788.65,80731.92,1462703.85,33606057.83,864144380.2,1329827.88,24056003.91,558712420.4,14563527413.0,23926501.14,433950233.3,10151190346.0,267000000000.0,5837.51,-6.79e-12,451134.6377,-324711.5335,9.57e-12,-15999.10204,868780.2746,-1913011.603,213317.0891,141125.2385,13301724.58,17735358.45,-365115.3829,-967655.9569,37780351.91,-80857536.05,1.711935276,0.040793218,0.010676973,0.000326799,-4.53e-08,-1.45e-05,-4.68e-08,170,1.459650566,3.060293178,4.466958667,PS,../Images/Training/39.5 hold 1.bmp,170,168.0
