,area,equivalent_diameter,orientation,major_axis_length,minor_axis_length,perimeter,min_intensity,mean_intensity,max_intensity,solidity,eccentricity,centroid_local-0,centroid_local-1,feret_diameter_max,moments-0-0,moments-0-1,moments-0-2,moments-0-3,moments-1-0,moments-1-1,moments-1-2,moments-1-3,moments-2-0,moments-2-1,moments-2-2,moments-2-3,moments-3-0,moments-3-1,moments-3-2,moments-3-3,moments_central-0-0,moments_central-0-1,moments_central-0-2,moments_central-0-3,moments_central-1-0,moments_central-1-1,moments_central-1-2,moments_central-1-3,moments_central-2-0,moments_central-2-1,moments_central-2-2,moments_central-2-3,moments_central-3-0,moments_central-3-1,moments_central-3-2,moments_central-3-3,moments_hu-0,moments_hu-1,moments_hu-2,moments_hu-3,moments_hu-4,moments_hu-5,moments_hu-6,label,major_axis_length/minor_axis_length,perimeter/major_axis_length,perimeter/minor_axis_length,Labels,Filename,Region,facet_score
0,209220.01269999996,516.1271100413471,-1.4937538620970954,741.5490649344025,372.67589789103795,2078.0949593689743,66.0,195.60511959714646,244.0,0.9112810707456979,0.8645399819164861,19.021821233738983,37.28577423415862,711.7500354759386,2383.0,88852.0,4241620.0,226389640.0,45329.0,1636623.0,76162699.0,3984929127.0,1101977.0,39176613.0,1788156721.0,91714958913.0,30194321.0,1062144549.0,47733557581.0,2406801856581.0,2383.0,-2.7284841053187847e-12,928704.3877465379,-1017369.9706717541,-8.810729923425242e-12,-53503.860260176276,-530772.6728181479,-38895476.05035255,239736.86529584558,124029.09713262989,82856076.29738422,-184057125.37679127,112247.91271894069,-12674010.500627419,-39215258.15270982,-8093303575.749173,0.20575897941274535,0.015074866802271637,6.293298599654301e-05,1.266459223276236e-05,3.253661245201138e-10,8.000696235132307e-07,1.4823134432468748e-10,1,1.9897961449366783,2.802370143306435,5.576145307836791,Multiple Crystal,../Images/Training/4 nM 5.bmp,1,62.630577065236906
1,241792.66259999995,554.8513131002996,1.2822865131359922,711.6803094687059,451.9730535047944,2358.6433052754355,54.0,185.85039941902687,245.0,0.8563432835820896,0.772447383050912,28.885257806826434,38.84785766158315,777.484184083509,2754.0,106987.0,5101219.0,271978309.0,79550.0,3251954.0,160693500.0,8783796872.0,2746274.0,116379180.0,5823486174.0,319316056926.0,104794370.0,4556817086.0,228873937860.0,12493253256944.0,2754.0,-9.521272659185342e-13,945003.2523602035,384175.71259182465,6.654232720393338e-12,161606.92302106018,787308.5706215149,104207350.48639034,448451.7414669571,356203.2786308324,91924185.46276638,181425607.6235531,-439750.8305711264,50399101.18237728,268186415.03504863,20661971260.10138,0.18372365406403793,0.006102239156624553,5.250382718173573e-05,4.222588924829994e-06,5.5364668656276784e-11,3.150474384853365e-07,-2.979527754802822e-11,2,1.5746078310422031,3.314189354256892,5.218548510769605,Multiple Crystal,../Images/Training/4 nM 5.bmp,2,63.62231956113266
2,222828.53219999996,532.6481943012034,0.6225928721594732,832.8101783774792,384.29198669233205,2955.165155245,54.0,182.12253743104807,245.0,0.654292343387471,0.8871713826242001,44.52994483845548,34.78920409771474,908.2618963713054,2538.0,88295.0,3673921.0,169138835.0,113017.0,4398999.0,196770181.0,9525128781.0,5950347.0,250385857.0,11722725859.0,585074589811.0,348684175.0,15469983567.0,746231801977.0,37967469317493.0,2538.0,-2.8848035071860068e-12,602208.2241922774,-574642.1493752047,-5.9543481256696396e-12,467227.52048857353,661734.3884644471,227881554.69402894,917706.2241922779,1766789.3360463888,249852051.8290652,1024330254.996296,1984736.2379522335,324094781.98350406,1374841663.0899231,131427514197.90404,0.23595865280899053,0.023444049549938385,0.000327762420035974,8.000422800792012e-05,1.237230434218444e-08,1.1289003743607251e-05,3.842792310997469e-09,3,2.167128660541744,3.5484258381692624,7.689895333703469,Incomplete,../Images/Training/4 nM 5.bmp,3,69.21635996376683
3,106673.23349999997,368.5384366073201,1.4207120930748507,403.92305755218297,346.1108239720713,1322.2831093994103,85.0,197.5275720164609,246.0,0.8907624633431085,0.5155273022228729,19.22798353909465,21.340740740740742,439.1922008642685,1215.0,25929.0,693621.0,20676165.0,23362.0,504107.0,13472423.0,400439303.0,553654.0,12161127.0,325035635.0,9624374019.0,14686720.0,327379895.0,8735246363.0,257198347871.0,1215.0,-1.1652900866465643e-12,140276.93333333338,-113448.26567901309,-1.7905676941154525e-12,5544.614814814817,-101162.54491083698,1779488.2031190374,104449.84855967076,132517.00114616664,10157585.505373638,22858046.042064045,24350.064113532284,160519.36116268043,-20018175.33204044,13346024.634059638,0.1657787816173037,0.0006454318273326995,0.0001392102972102937,2.365672828358341e-06,6.821567420969955e-12,-5.905861708595811e-08,-4.2385244535108065e-11,4,1.1670338792547463,3.273601456209476,3.8204038065741317,Crystal,../Images/Training/4 nM 5.bmp,4,40.14187037645595
4,115716.31419999998,383.84187787478197,1.0387221758829732,523.5399890427848,333.83295054294535,1987.3344080044615,93.0,191.10015174506827,242.0,0.7318156579677957,0.7703298885938478,21.132018209408194,23.872534142640365,556.6284758256623,1318.0,31464.0,969016.0,33815886.0,27852.0,731615.0,23639629.0,846212699.0,732408.0,20706119.0,690752857.0,25056599927.0,22205700.0,668117417.0,22896363247.0,839555328665.0,1318.0,-1.7337242752546445e-12,217890.5857359635,279817.560551808,7.318590178329032e-12,66717.17905918055,-23051.027189768207,19199701.58606368,143839.02883156293,401946.72813915403,23208094.119096406,86901424.65851234,649222.8542994055,23149139.359057605,155431342.30498767,6070960879.217103,0.20823476882912584,0.007717511471527978,0.00034536434810313597,0.00021545168738999705,-1.0724730699865603e-10,1.7269225952792453e-05,-5.87709726483651e-08,5,1.5682693640376129,3.795955322606794,5.9530804396997485,Incomplete,../Images/Training/4 nM 5.bmp,5,46.85752236871155
5,124496.00419999997,398.13720713964284,-0.1689453833899481,419.62117607239884,413.1759477583452,1747.2055107334868,83.0,174.58462623413257,232.0,0.8107489994282447,0.17459482410526309,23.270098730606488,18.642454160789846,501.62328036086996,1418.0,26435.0,665291.0,19515131.0,32997.0,614247.0,15366895.0,443477205.0,945433.0,17302429.0,422310609.0,11827654651.0,30212229.0,545570301.0,13024762189.0,355311571911.0,1418.0,2.8421709430404007e-13,172477.72425952042,681657.8923830414,-3.417710559006082e-12,-898.0599435825068,-81008.17192016437,-5174908.501443417,177589.5521861777,-280966.4774916897,16141832.783029756,-4901507.030181892,-53143.07896658173,3413451.4151279903,14605696.383580053,109082664.11858462,0.17410011341471932,7.2611307192833875e-06,0.0004117101477391288,3.11443383675382e-05,2.339973394781795e-09,-4.646579122604832e-08,-2.638542093357689e-09,6,1.0155992340527606,4.1637686808066015,4.228720283000058,Multiple Crystal,../Images/Training/4 nM 5.bmp,6,44.44087855315842
6,29060.773899999993,192.35728873657868,0.6973747037879695,227.5372160469273,189.81115194428273,810.424212128436,162.0,212.37160120845923,248.0,0.8033980582524272,0.5514646377075835,10.879154078549849,11.957703927492448,252.2949712142515,331.0,3958.0,57348.0,905152.0,3601.0,44886.0,658348.0,10387644.0,49845.0,652394.0,9698084.0,153346580.0,796585.0,10802670.0,161661208.0,2552639292.0,331.0,-3.552713678800501e-15,10019.407854984893,-20216.630151239984,3.765876499528531e-13,1826.308157099698,-9226.632542601832,87930.71031841969,10669.166163141992,16624.872062138893,237885.57634289504,552023.7309011067,22170.55979773824,86285.23389850471,-177024.35184177174,2060732.6426220809,0.18883155518959194,0.0011466374430504054,0.0018619396755806743,4.541582835488809e-05,-2.5435886384021162e-09,-5.49380466877025e-07,1.2959419734818444e-08,7,1.1987557828726456,3.5617215777189344,4.269634338272856,Incomplete,../Images/Training/4 nM 5.bmp,7,22.3612602091662
7,70852.09829999998,300.35261507605185,0.28964471652897744,371.7973040128444,256.023601875174,1112.8707080653332,140.0,194.20693928128873,240.0,0.8917127071823204,0.7251312318968279,16.452292441140024,15.344485749690211,382.3373360005533,807.0,12383.0,231073.0,4801295.0,13277.0,215158.0,4132738.0,87831496.0,294443.0,4836512.0,93471568.0,1995940310.0,7368893.0,121197478.0,2342212774.0,50005942840.0,807.0,5.968558980384842e-13,41062.232961586116,-4559.052697201929,-3.055333763768431e-12,11429.262701363077,-19694.888552612134,1672639.4722830085,76005.91325898388,-57639.562294913325,3904960.3352019307,-8161031.888029221,23687.632367957827,1689565.7850287175,-1788462.9120331595,236535598.36493284,0.1797594256890529,0.004110985929745637,0.00010283201523345089,1.1349578102112643e-05,-3.742375571873009e-10,-6.549141306310063e-07,-1.0140913088736676e-10,8,1.4521993335369003,2.9932188750537234,4.346750455483088,Crystal,../Images/Training/4 nM 5.bmp,8,34.066506311163245
8,99825.07529999998,356.51259925579814,0.7955031829557587,375.06177651134743,346.15266405838724,1312.9131093994104,121.0,201.169744942832,246.0,0.8773148148148148,0.3849876338387832,18.67722075637643,25.019349164467897,456.82954293696895,1137.0,28447.0,817317.0,25715461.0,21236.0,539747.0,15664845.0,497094329.0,501880.0,12831123.0,371157665.0,11702430177.0,13310702.0,340507793.0,9778001331.0,305116874555.0,1137.0,-1.4779288903810084e-12,105591.57431838172,-16943.334450315335,5.030642569181509e-12,8436.101143359718,-22496.55712428115,2647350.8588308203,105250.54001759014,-40713.805418446726,7271639.804468627,-13405674.907558322,5403.305517072479,935441.723883148,-357672.9337534334,268000569.10789862,0.1630934175680047,0.0001704037258732659,8.62009734834473e-06,1.9032206955770652e-06,-7.712532144021889e-13,1.3959003135972878e-08,-7.67017576651498e-12,9,1.0835154989536175,3.500524957812352,3.792873046263642,Crystal,../Images/Training/4 nM 5.bmp,9,38.51620082768511
9,66637.84709999998,291.28326780598877,-1.0367162045957998,334.63162854785816,266.90756292964136,1177.5189756213845,69.0,187.2160737812912,242.0,0.8537682789651294,0.6031654931885397,16.66403162055336,16.578392621870883,365.9101973162267,759.0,12583.0,263405.0,6154543.0,12648.0,200039.0,4113059.0,96004889.0,254962.0,3939037.0,79816813.0,1850882431.0,5668140.0,86002013.0,1714700225.0,39347118311.0,759.0,9.663381206337363e-13,54799.08563899869,-29250.02264959269,-5.115907697472721e-13,-9644.509881422933,43450.69390762751,-763457.1148685229,44195.328063241104,33609.69560009788,2620273.2594375233,874114.9522785407,-53499.51869268375,-1612306.0505191435,229558.97827093897,-121590820.3389824,0.17184113640658136,0.0014599299514572004,0.00020136656776960853,4.763436155348741e-07,3.8177824903827036e-12,5.656982653486862e-09,2.68123531101472e-12,10,1.2537360308372727,3.5188514030525324,4.41171079116925,Incomplete,../Images/Training/4 nM 5.bmp,10,32.30200272832572
10,363040.1814999999,679.8802213725818,-0.9516907902187965,1081.0803765895057,575.6713733260063,4665.166493025256,48.0,194.8602176541717,252.0,0.6823432343234324,0.8464322883609844,36.957194679564694,44.146553808948006,1089.5017613569976,4135.0,182546.0,10669018.0,733922534.0,152818.0,5581535.0,272180175.0,16312959959.0,7453248.0,242639853.0,10296652037.0,537911705937.0,420595816.0,12686539931.0,488234343003.0,22822214618267.0,4135.0,2.5288215965701966e-11,2610241.188391777,32455850.61902517,-3.183231456205249e-12,-1164853.059975816,-19268303.682299715,-1448260360.91603,1805523.4234582826,-295958.2622083268,1258044273.0220106,14337529679.588402,11690517.350400046,-1075513953.8217232,-4480474303.180339,-1145183536152.5452,0.25825865619677246,0.020780283465601537,0.00491487618325794,0.0009030637093673902,1.7299631811459015e-06,9.29672068359594e-05,7.917620643976629e-07,11,1.877947083495644,4.315281818122072,8.103870904804126,Multiple Crystal,../Images/Training/4 nM 5.bmp,11,92.42941278072274
11,241353.67809999993,554.347406618089,1.0091109800659108,670.9951166172789,542.6752396541959,2944.520470102462,89.0,187.05311022189886,246.0,0.8252776943860702,0.5881362932174146,34.664241542379045,33.92870134594398,719.9672892569495,2749.0,93270.0,3959152.0,189441840.0,95292.0,3370518.0,147223796.0,7164700746.0,3965990.0,142282372.0,6228360530.0,302463012628.0,180562800.0,6530448624.0,284792709398.0,13741368813984.0,2749.0,6.707523425575346e-12,794622.0254638052,1191967.4390621397,4.206412995699793e-12,137384.19134230627,660260.3735926478,56185486.99476497,662765.0949436157,-1803155.8365886125,138324237.9562146,-357805399.1641509,-2863733.9886264354,96455890.18108161,-353623505.3180587,38872984349.87624,0.19285257741892858,0.001626453118307124,0.0004270845663386177,3.3306749756065476e-05,3.940936104515512e-09,1.2570415159341153e-07,4.991541944085703e-10,12,1.2364579541989995,4.38828897138152,5.425934803988426,Multiple Crystal,../Images/Training/4 nM 5.bmp,12,65.1246027442554
12,498071.8136999999,796.3446046284264,1.3833209449866213,1387.874814702738,562.1216075640652,4858.502515948052,76.0,188.05517362947293,255.0,0.7706833310691482,0.9143063731010518,31.447382337387626,92.43098889476468,1469.6868148690726,5673.0,524361.0,56020147.0,6428140611.0,178401.0,17680523.0,1948904727.0,227210270597.0,7112201.0,743591893.0,83859828585.0,9876810337903.0,326911383.0,35501760773.0,4074145139409.0,483790188437903.0,5673.0,8.321876521222293e-11,7552941.232152297,-146108628.54384366,-5.899281063648232e-11,1190742.1501850882,-32905203.226230472,3667183735.6051683,1501956.54362771,11312674.027438829,1761137903.3647983,-20864373825.576546,8786075.52944575,685046438.4495922,764134902.7796736,1461044650379.504,0.2813571684472848,0.040826699416025715,0.007483869651557009,0.00319136372351547,1.5596122144693815e-05,0.0006446947789899265,-1.1067945671376213e-07,13,2.4689938903381528,3.500677773296629,8.643152034311946,Multiple Crystal,../Images/Training/4 nM 5.bmp,13,113.0005032414085
13,204830.16769999996,510.683727438397,0.4172125552997658,702.1672834674011,469.85670644844697,2793.5444863548714,83.0,183.18516930990143,255.0,0.7494378413106328,0.7431254794360052,35.48778396913845,24.27046720960137,760.1259098991429,2333.0,56623.0,1815161.0,67063501.0,82793.0,2176941.0,76650145.0,3076139601.0,3682727.0,103884203.0,3886490927.0,163375212503.0,182060171.0,5445136599.0,212641325203.0,9216760219563.0,2333.0,-1.9184653865522705e-13,440894.3351907416,1607272.459060989,-9.521272659185342e-13,167516.20831547363,4102710.2807997777,101451408.2474181,744586.9018431207,2613140.0805289256,166738586.20461088,2099651892.640427,-1479127.4310308355,115346436.62392804,2615908294.7931356,74992454026.56693,0.21780367687708904,0.0069021304489191556,0.0033122683700798515,0.00035730290692500763,3.681317380920459e-07,1.0899907536595292e-05,-1.2477511871183602e-07,14,1.4944285647744469,3.978460050943921,5.945524343944596,Multiple Crystal,../Images/Training/4 nM 5.bmp,14,63.7580412593893
14,99298.29389999998,355.57068849697714,1.5615204027601792,445.5109655512276,302.0073256483631,1565.0185026072822,74.0,160.2581786030062,214.0,0.8119167264895908,0.7351635605143604,20.853227232537577,23.181255526083113,543.2176183630277,1131.0,26218.0,767560.0,25526542.0,23585.0,547531.0,16213841.0,543146479.0,565265.0,13030701.0,384214479.0,12775449789.0,14757017.0,337267969.0,9855055247.0,323853270613.0,1131.0,1.6768808563938364e-12,159793.84261715296,325093.7139937815,2.0747847884194925e-12,801.0884173297908,170597.43479124218,-2319734.079967875,73441.63572060126,-106261.96255123489,7232757.559514775,-23410447.72326567,-93572.72762224602,784424.7496228259,24378670.36697575,-74967799.86612613,0.18233473217034776,0.004558751749799552,0.0004220506451326756,2.9082504650398608e-05,3.113127441258073e-09,1.5532482626327389e-06,8.306230414822842e-10,15,1.4751660894145013,3.512861912772216,5.182054770517334,Crystal,../Images/Training/4 nM 5.bmp,15,40.61729504382716
15,161897.48359999995,454.02012985398835,-0.7441402508321421,725.5504380036125,353.108668917068,2321.496257974026,81.0,167.4799349240781,224.0,0.7728415758591786,0.8735820244704876,28.46529284164859,26.77169197396963,725.4340897697047,1844.0,49367.0,1727257.0,69187253.0,52490.0,1142465.0,33526403.0,1163657735.0,1943228.0,37988097.0,982901587.0,30063773067.0,81986984.0,1529001887.0,36658415033.0,1021327915589.0,1844.0,-8.526512829121202e-13,405618.88232104114,1227453.083467634,-1.1368683772161603e-12,-262781.11171366594,-1570283.359036284,-114636067.96793191,449084.77874186554,924878.1451738892,102382644.7767853,1048102937.7942849,1105770.4466805635,-106135938.60931706,-728964114.3848369,-47593810767.17995,0.25135858958141394,0.02405276612197664,0.0016991273195916085,0.00022739718140079706,5.2127139291188026e-08,1.1847499781622802e-05,1.313853193239413e-07,16,2.0547511343427742,3.199634562087422,6.574452745931476,Multiple Crystal,../Images/Training/4 nM 5.bmp,16,60.89369354461116
16,21510.240499999996,165.4922621193023,-0.5063315349709642,218.19860544067132,149.7807861704187,793.9577553667438,100.0,204.73469387755102,236.0,0.7538461538461538,0.7271841289485166,11.36734693877551,8.83673469387755,231.42192852018147,245.0,2165.0,24077.0,296279.0,2785.0,22748.0,246070.0,2989208.0,38929.0,295228.0,3084858.0,36642328.0,600523.0,4270496.0,43194430.0,501447296.0,245.0,0.0,4945.469387755102,-3886.6630570595585,-3.0375701953744283e-13,-1862.3061224489793,5291.79800083298,-82714.21731591427,7270.938775510203,-6438.285297792588,147694.0313389829,-456637.78487184556,-7299.016243231983,-94685.29635611014,261334.7157997301,-4264591.455566598,0.20352200188696884,0.0053512464345547815,0.0008780464012203022,0.00012533032496930266,-3.817312346615089e-08,-7.415469571834375e-06,1.64735739060625e-08,17,1.4567863543753046,3.6386930785523406,5.300798424594918,Incomplete,../Images/Training/4 nM 5.bmp,17,19.97255926761663
17,71027.69209999999,300.72456892145226,1.4250316262586906,422.5272469343709,246.67284105884372,1345.9031485746154,120.0,196.24227441285538,237.0,0.7978303747534516,0.8118950649485918,16.514215080346105,26.72929542645241,461.51411614380766,809.0,21624.0,679380.0,23570946.0,13360.0,366843.0,11846233.0,419158137.0,257102.0,7115575.0,231259969.0,8213930257.0,5334460.0,148644681.0,4839374935.0,171760757991.0,809.0,-2.5579538487363607e-13,101385.71569839308,-8340.220672563482,9.094947017729282e-13,9739.613102595797,106139.5667972028,515804.92200696573,36472.086526576015,-78264.44388301566,3403761.306196366,-3647452.9534646044,-115993.48824488399,1967209.90304111,-7813072.971694315,226109647.34809077,0.21063682860918664,0.010723168095477782,0.0006925633661574662,2.1924326135279893e-05,-1.9760123545012472e-09,2.2655378985057754e-06,1.8422685912939727e-09,18,1.7129054220994568,3.1853641589737953,5.4562275392674895,Incomplete,../Images/Training/4 nM 5.bmp,18,36.92210116933563
18,211590.52899999995,519.0428005610252,-1.2502815670397869,629.91653088697,447.28464538426385,2070.389722861923,63.0,178.8618257261411,246.0,0.8690948431301839,0.7041313895605851,25.22033195020747,37.19792531120332,702.7499999999999,2410.0,89647.0,3981925.0,196672777.0,60781.0,2160007.0,93919785.0,4576601029.0,1909649.0,64841005.0,2735551543.0,130166157139.0,66924577.0,2186500447.0,89564294721.0,4155695247805.0,2410.0,2.2879476091475226e-12,647242.5896265558,401265.24086982076,-1.6711965145077556e-11,-100920.09834024898,1002351.2600898708,-76482779.59405465,376732.00373443996,-1103499.1114367878,91756020.00942269,-633137003.946544,-240017.06928048984,-26887857.48572775,262357404.8727735,-20047598566.74947,0.17630113003581133,0.003376870682221489,0.00029915066608368114,1.3214010070468745e-05,8.294816477345122e-10,4.072370841095534e-07,-4.6800262188983724e-11,19,1.4083124412773134,3.286768359526393,4.628796772317645,Crystal,../Images/Training/4 nM 5.bmp,19,58.3016791103862
19,346007.5828999999,663.7398114671969,1.4137899733921728,775.2705449910708,669.195694762596,3529.7317295323073,74.0,183.0355239786856,252.0,0.7842786069651742,0.5049014611682612,44.83684344075108,43.16341030195382,907.9235067449239,3941.0,170107.0,9018107.0,528468289.0,176702.0,7693448.0,419906568.0,25477009562.0,9189628.0,407461098.0,22772662558.0,1414219414596.0,519404978.0,23432553500.0,1332890894904.0,84094692412286.0,3941.0,-3.6777692002942786e-11,1675708.7637655418,-5442573.421905607,2.114575181622058e-11,66387.07282415638,9832131.382949125,137941380.93059137,1266868.0903324026,4852240.532263855,468421413.8180048,2350392919.709202,-6233666.36737695,-39796393.305377185,4376551488.083991,42074923708.91667,0.189458870927888,0.0007659994322068919,0.00176359811291592,1.3987367184147322e-05,-2.1963121698642177e-09,-3.8709984140705897e-07,4.937323222208508e-11,20,1.1585109573457522,4.55290317984796,5.274588221588179,Multiple Crystal,../Images/Training/4 nM 5.bmp,20,77.28686358375822
20,254874.40069999994,569.6632039301077,1.385739220780883,695.9679141647355,488.6862979299759,2514.052124196,90.0,195.0327247674819,249.0,0.8303775743707094,0.7120114482308079,26.588701343437823,43.72476748191526,843.5081965221203,2903.0,126933.0,6533917.0,373014285.0,77187.0,3466763.0,183957281.0,10806053327.0,2563007.0,117306863.0,6296258717.0,372265831451.0,94472499.0,4382835461.0,236098858787.0,13934518446977.0,2903.0,1.1453948900452815e-11,983801.0892180505,1287335.679838255,-1.745092959026806e-11,91779.37237340689,2202849.8508621077,72723977.59348264,510704.90940406476,359389.2274294533,125277687.98786171,146693287.92611757,-832489.2856848411,28727559.5716955,282166226.0364678,14849865129.59008,0.17733872873882295,0.0036258712428810995,0.0002687664139209481,2.2260699442696267e-05,1.477319351523939e-09,7.038284727041811e-07,8.844774236810958e-10,21,1.4241608924023097,3.612310385333259,5.144511182010345,Incomplete,../Images/Training/4 nM 5.bmp,21,64.17565454462014
21,211327.13829999996,518.7196442774042,0.5783645990457309,738.086110062955,392.10676907150355,2189.869053971795,58.0,174.41005400914,240.0,0.8410202655485675,0.8472163617062973,31.116742833402576,26.824678022434565,874.1763080752074,2407.0,64567.0,2195651.0,83806045.0,74898.0,2315808.0,86238210.0,3521674926.0,3063812.0,104098126.0,4092387760.0,173736586336.0,143011362.0,5195142342.0,212043997764.0,9243577963152.0,2407.0,-5.5706550483591855e-12,463662.0141254675,33245.3950651841,2.8535396268125623e-11,306693.2654756958,1462806.2850276271,134130151.52408244,733230.1952638134,2825764.6376413214,172220103.98258376,1603778313.9773517,2044041.0586878872,204254015.36829096,1938213399.6546295,93501003698.53516,0.20658693845438011,0.01337380412448509,0.000950538720961954,0.00025338333822482546,1.2161138903038823e-07,2.865126962228972e-05,-2.5962162005258374e-08,22,1.8823600311994602,2.966956055825262,5.584879493810667,Multiple Crystal,../Images/Training/4 nM 5.bmp,22,63.0716900588334
22,50044.232999999986,252.42483325049537,1.0006186385258735,302.6021292358476,223.71392884828037,1000.763660763923,141.0,210.32105263157894,244.0,0.8796296296296297,0.6733755685686903,12.829824561403509,14.41578947368421,335.8854216842404,570.0,8217.0,150701.0,3117915.0,7313.0,113078.0,2201730.0,47960990.0,119041.0,1936366.0,38921902.0,868011202.0,2155877.0,36342248.0,744929340.0,16830087536.0,570.0,-3.694822225952521e-13,32246.45789473684,15724.81396121885,-1.3642420526593924e-12,7655.33157894737,47547.31198522618,1129713.555627497,25216.492982456137,23862.883028624197,1303960.4256509535,3757497.7947443784,-18444.507651585125,564805.4840057831,3380717.3628328633,76932104.48220474,0.17686349916033542,0.002688866863525431,0.0004831310310760947,4.0122832684191896e-05,5.586220937971357e-09,2.0636528046505735e-06,-1.580496910516935e-11,23,1.3526298107305965,3.307193056741281,4.473407918389501,Crystal,../Images/Training/4 nM 5.bmp,23,28.39890061553668
23,284461.95599999995,601.8207468606528,0.5551419357904225,801.7029345589076,527.9022112510071,2832.356297149231,71.0,193.6493827160494,248.0,0.8208766151507474,0.7526016495494977,38.690123456790126,35.06759259259259,901.9568035111215,3240.0,113619.0,4860365.0,231159321.0,125356.0,4772027.0,216116233.0,10746869753.0,6099210.0,239934669.0,11170363271.0,568236868335.0,327324256.0,13176380771.0,624756489805.0,32242552399457.0,3240.0,1.722355591482483e-11,876020.1972222223,-721817.4294392951,-7.275957614183426e-12,376093.8629629629,1690698.3790192087,237932374.78622007,1249170.8839506165,-3052178.3954229522,400755479.44151676,-2099816179.288336,-5316083.326242971,363220938.38162357,-1693158689.841384,228382884605.25922,0.20244542382762143,0.006397734412725069,0.000501499395058345,7.670273598206129e-05,-2.4509908642882856e-09,5.382097294457421e-06,-1.4842582164294916e-08,24,1.518658034523204,3.532924946454858,5.3653048553011295,Multiple Crystal,../Images/Training/4 nM 5.bmp,24,72.43883893058991
24,171730.73639999997,467.6049236598885,-1.5125194888517186,684.2475715223429,406.78547551943547,2485.6091714974104,53.0,168.84151329243355,249.0,0.7303958177744585,0.8040952920456262,22.438139059304703,36.50511247443763,729.7780452987057,1956.0,71404.0,3257104.0,171413128.0,43889.0,1577664.0,68774500.0,3432374148.0,1216627.0,42570310.0,1777989374.0,84735934786.0,37730345.0,1280914668.0,51274076140.0,2335604987460.0,1956.0,-8.810729923425242e-12,650492.9488752555,5019543.614019675,-8.895995051716454e-12,-24508.88139059302,-2519453.53904509,-39915335.6583833,231839.5148261759,-742928.0967773644,76786833.26425152,287506749.57026917,27404.644472359316,-9407582.334569458,-677484360.881507,-10022333520.160635,0.2306187201514692,0.012137999254662331,0.0038447882134829752,0.0008556917889720756,1.109162104074322e-06,5.5702555146370195e-05,-1.0856754989834604e-06,25,1.6820845696336835,3.632616723750034,6.110368538413198,Incomplete,../Images/Training/4 nM 5.bmp,25,60.07263713980093
25,324058.35789999994,642.3425223976849,1.2679014061910974,1017.4662436839129,455.5438543173291,2895.1210998173847,79.0,174.6011920888648,232.0,0.8101404741000878,0.8941719061505069,32.550257382823084,47.606610674613925,1014.0833741364661,3691.0,175716.0,10891840.0,766515894.0,120143.0,6338790.0,416758166.0,30151167462.0,4649451.0,261692322.0,17693394346.0,1292254164714.0,198627113.0,11743365030.0,808337028338.0,59285271564042.0,3691.0,-1.9277024421171518e-11,2526596.79869954,7426887.334983342,7.439382443408249e-12,619188.9737198594,3270993.8156820633,523745094.3538477,738765.4272554865,38197.465930626364,424370394.12080383,958590142.568686,-807723.3442188505,315543458.2465147,1406332765.808436,238433951070.76535,0.23968633464200717,0.02548459299794534,0.00024271193389978097,9.020580021395007e-05,1.3346509623258194e-08,1.4393144522364819e-05,-1.557158286167528e-10,26,2.233519855533277,2.845422261219298,6.355307117809696,Multiple Crystal,../Images/Training/4 nM 5.bmp,26,84.12762976162581
26,87094.52479999998,333.0047944178542,1.0559992400311489,428.9270709543242,279.14667597948204,1391.8114161306667,101.0,200.68245967741936,255.0,0.872471416007036,0.7592473332021034,17.846774193548388,26.02217741935484,483.7134880277787,992.0,25814.0,783502.0,25916384.0,17704.0,492792.0,15801728.0,546920862.0,389142.0,11482516.0,381854468.0,13570651354.0,9567874.0,295976250.0,10112892026.0,366127372332.0,992.0,3.055333763768431e-13,111765.51209677417,-288808.0227139704,1.4459544672718039e-12,32095.37096774194,148361.85048126953,7614414.342301562,73182.70967741936,210596.15803850145,6869584.976975532,50007712.56388222,10794.007804370323,5056114.432899197,43045769.03832518,1006081294.029216,0.18794328597956386,0.00579222274583853,0.0010785648682647888,3.2736352789193684e-05,-5.974619728304006e-09,-2.4746877195178436e-06,-1.4637967692803958e-09,27,1.5365652105628205,3.244867275534769,4.985950168480488,Incomplete,../Images/Training/4 nM 5.bmp,27,38.62017500651465
27,144864.88499999998,429.47374800505753,-1.5646270727163543,579.554170714636,346.18361948265357,2167.362124196,87.0,197.9557575757576,243.0,0.8021390374331551,0.8019974489308697,21.295757575757577,26.363636363636363,620.1920822616167,1650.0,43500.0,1541332.0,62488068.0,35138.0,924800.0,32422236.0,1293251756.0,889066.0,22935144.0,788970580.0,30848249148.0,24992690.0,629097320.0,21222210276.0,814103728184.0,1650.0,-1.3926637620897964e-12,394513.8181818182,1051313.9504132252,-4.916955731459893e-12,-1565.4545454545018,-319054.46699724643,-8980516.86924116,140775.67030303035,-437193.6462809917,32273926.837441806,-114902053.88880517,63506.90047529791,260083.34720962128,-15379040.10165485,-1190128522.1649086,0.196616892005454,0.008687641120201851,0.000541712418482769,3.617785520765874e-05,3.617484697352707e-09,2.4059655934323632e-06,-3.5446279733798325e-09,28,1.6741236098367043,3.73970585273068,6.260729861900936,Incomplete,../Images/Training/4 nM 5.bmp,28,50.94450877643236
28,68130.39439999999,294.5272692782165,-1.3585750241886472,442.65330170982145,229.67186501860985,1469.3207864157434,81.0,178.6237113402062,226.0,0.6615515771526002,0.8548636532863404,15.021907216494846,42.43943298969072,611.6392653353772,776.0,32933.0,1502389.0,72015749.0,11657.0,478429.0,21203821.0,992989009.0,207759.0,8364593.0,362005829.0,16543330649.0,4083365.0,162417805.0,6887566201.0,307260585181.0,776.0,-4.547473508864641e-13,104731.15335051547,-634249.8190529017,1.0516032489249483e-12,-16287.470360824735,17534.85281711664,-3051042.2382029183,32648.62757731959,36756.57859828355,2064327.9665030732,4034637.301667829,-18460.729816532094,-1508172.9034000072,-3621511.551524943,-148025089.05382732,0.22813891773806172,0.017255218762729084,0.0019878450237950773,0.0012686985086704683,2.0047582145772907e-06,0.00015165411907136915,2.007654678604469e-07,29,1.92732924284807,3.3193489820142523,6.39747836025404,Incomplete,../Images/Training/4 nM 5.bmp,29,37.633580766622345
29,107638.99939999997,370.20295864809674,-0.6062908401271149,514.9391953717125,311.78586437299475,1765.6696836867181,122.0,195.22675367047307,250.0,0.7507654623392529,0.7958598117502147,20.302610114192497,22.35073409461664,535.9771047348944,1226.0,27402.0,744890.0,22898088.0,24891.0,487694.0,11663124.0,315680282.0,689179.0,12692602.0,281455604.0,6935657890.0,21966189.0,396084686.0,8485573236.0,198881471630.0,1226.0,2.0747847884194925e-12,132435.18433931482,329202.50038188347,-7.318590178329032e-12,-68638.12234910279,-391862.40520372934,-20069817.35887144,183826.73164763462,76011.50145435086,19683100.60239066,69675053.82135083,509731.54169449816,-14628385.249920003,-69254194.80310448,-3938817800.818022,0.21040979696765127,0.00951022584243744,0.0010291387164437157,6.429702684550933e-05,-1.1740215496240006e-08,-5.005132718661909e-06,1.1650045399678855e-08,30,1.651579671218455,3.42888966222926,5.66308446098896,Incomplete,../Images/Training/4 nM 5.bmp,30,45.42795712618744
30,89728.43179999998,338.00264444946595,-0.6896498844520881,420.5231365478249,289.3901414817161,1275.490235051231,136.0,194.78180039138942,240.0,0.8988566402814424,0.7255523362490078,19.367906066536204,20.32191780821918,440.4896695723976,1022.0,20769.0,510413.0,13834575.0,19794.0,369007.0,8425781.0,213251845.0,484606.0,8818477.0,194578843.0,4727017519.0,13274628.0,241774633.0,5257628255.0,124923346063.0,1022.0,-1.1688428003253648e-12,88347.08904109591,-128760.59842371976,2.042810365310288e-12,-33245.04109589039,-108644.05377583553,-6882692.012112947,101237.66731898239,258127.36487681943,7362893.683094064,37770189.16085011,-32698.749338429177,-5577206.714858167,-34268871.747261114,-989119240.4863553,0.1815104456938338,0.004204694424888203,0.0008086949667287639,3.2928494932366386e-05,5.067915682119249e-09,2.1238699307702084e-06,1.7859994012055457e-09,31,1.4531356679764222,3.033103589785893,4.407511010985208,Incomplete,../Images/Training/4 nM 5.bmp,31,38.52310221143652
31,219228.85929999995,528.3283571870253,-0.33777546903059724,636.5059412704991,542.9706800367721,2699.958737658513,68.0,166.97637164597518,246.0,0.7562083585705633,0.5218310158223817,36.72086503804565,31.250700841009213,755.7240465275668,2497.0,78033.0,2984171.0,131745015.0,91692.0,2804125.0,106082165.0,4618971967.0,4065626.0,119245501.0,4327926841.0,180494523775.0,198303888.0,5588011975.0,193639046687.0,7676695218829.0,2497.0,-5.5635496210015845e-12,545585.0612735283,4387748.754219276,1.8914647625933867e-11,-61314.26151381658,333051.74626163597,-70403566.92676401,698616.442931518,-3305135.413516327,85293104.40270084,-717377349.4239808,-2297015.869664978,3011274.2427978297,287135853.6054597,-11102012157.749405,0.19955087542055613,0.0009892225038329767,0.0022194413913537983,5.1809186811776895e-05,-1.6855204349355278e-08,1.5404952207588195e-06,4.954843180749429e-09,32,1.172265768065768,4.2418437324705165,4.972568201059515,Multiple Crystal,../Images/Training/4 nM 5.bmp,32,63.13658438180695
32,342320.1130999999,660.1935359855723,-1.3300390131341417,1013.2883050350853,539.3812694608301,3299.305784959923,88.0,183.06309310079507,254.0,0.7442259973277343,0.8465508874040057,39.23082841754296,69.72941779943575,1070.1918335046291,3899.0,271875.0,21691411.0,1850338827.0,152961.0,10192957.0,794312175.0,67073964013.0,6924405.0,451557447.0,34643866941.0,2895914527167.0,336288957.0,21734518207.0,1651084024749.0,136848672052891.0,3899.0,2.1088908397359774e-11,2733725.535778405,-43432813.34483392,-1.8630430531629827e-11,-472924.4760194924,9293648.676480852,-562134762.1663697,923618.2544242112,5829155.688852294,401418789.9576393,-1182244596.6551194,-7829805.9738301,-217188346.54556954,-97856069.99574757,-164171918806.92883,0.24057988643898448,0.018048437043407636,0.005533921440069074,0.0015716348057860838,4.244350274930884e-06,0.000194167884420476,1.8622951660610099e-06,33,1.8786123330681772,3.2560385514818355,6.116834179759219,Incomplete,../Images/Training/4 nM 5.bmp,33,86.62659994369399
33,220458.01589999994,529.807383676118,-0.7636590946416362,618.3098067700565,474.37903700407105,2210.330943116564,65.0,184.22540820390282,239.0,0.8730876216968011,0.6413852139923052,33.5057745917961,31.041019514137794,652.477714638592,2511.0,77944.0,2956166.0,125932660.0,84133.0,2471145.0,91390387.0,3846228597.0,3367865.0,93697961.0,3328733795.0,135875332013.0,148875481.0,3951958803.0,134429238265.0,5284752925095.0,2511.0,1.2789769243681803e-13,536704.7749900438,850526.7193755696,-3.1747049433761276e-11,-140429.09478295498,1059879.8910893204,-66012768.75124485,548923.6662684191,-1433630.9941263625,83313647.73420073,-522054263.1248997,-751669.8057832666,-52230493.117465205,399687640.9004189,-20010200770.963432,0.17218201542182346,0.001987964203115281,0.0004206649201365417,4.357724183924331e-06,9.589184762825296e-11,1.5563552153534712e-07,1.6004897539065558e-10,34,1.3034087903103322,3.574795222257513,4.6594195162498195,Incomplete,../Images/Training/4 nM 5.bmp,34,58.811498244761545
34,125022.78559999997,398.9786393014867,-1.505038677222664,424.2624766354751,380.1633128232678,1391.0883850816665,142.0,207.57162921348313,241.0,0.9442970822281167,0.44393925326452577,21.240168539325843,21.3125,453.6473670153944,1424.0,30349.0,829123.0,25420423.0,30246.0,642260.0,17572262.0,540624470.0,789090.0,16727464.0,453904998.0,13847875726.0,22936260.0,485444108.0,13039825934.0,393642408002.0,1424.0,0.0,182309.9375,-21222.0234375,-7.773337529215496e-12,-2357.874999999994,62054.16204353857,-64186.109797443205,146659.86235955058,10146.699789325987,14435146.177275619,-6275561.085207189,-54304.9816389979,-840257.2409528948,15173674.086044583,60559695.41939278,0.16223182435315864,0.0003144954543589335,1.0331403553608316e-05,3.1204593499202666e-08,1.5777559553105574e-14,2.561734432140348e-10,-8.061369081323666e-15,35,1.1160005774484303,3.2788390717779294,3.659186297464644,Crystal,../Images/Training/4 nM 5.bmp,35,42.990056327378575
35,163302.23399999997,455.98559415007287,0.7419491774338612,853.3933082683013,399.858887155193,2968.692163371205,93.0,178.7505376344086,236.0,0.5746061167747915,0.8834360771744267,38.90752688172043,33.81774193548387,779.9082787097467,1860.0,62901.0,2682513.0,131361561.0,72368.0,2822201.0,130159593.0,6623714687.0,3436320.0,142748931.0,6777280531.0,349219888449.0,175433738.0,7532750147.0,363099237087.0,18831858984353.0,1860.0,-1.2008172234345693e-12,555343.214516129,3084121.599162326,2.3447910280083306e-11,374878.6516129029,434547.34720083605,182496699.19970676,620660.0946236557,-2630854.397766215,177808913.74817052,-367528502.41874605,-6561673.406155624,204588369.07023698,-1185374309.2259755,86033363446.92874,0.33992464710943016,0.047323105629330994,0.008191113478962734,0.0016955834036080954,2.4620117139724806e-06,-2.2407888629982076e-05,5.819673511885432e-06,36,2.1342361910217664,3.478691635624904,7.424349586155373,Incomplete,../Images/Training/4 nM 5.bmp,36,71.12017118222032
36,140387.24309999996,422.784329760776,-0.6796439164418597,474.324660213044,406.8377845764801,1739.8332269250257,91.0,169.0,227.0,0.8761643835616438,0.5141169786331838,21.929330831769857,26.409005628517825,503.7192084882211,1599.0,42228.0,1330344.0,46056936.0,35065.0,892941.0,26998053.0,894281301.0,998307.0,25515273.0,755747937.0,24225797733.0,32633005.0,850513917.0,25034791785.0,787520159853.0,1599.0,-3.694822225952521e-13,215144.51031894935,-439631.3517806055,6.423306331271306e-12,-33090.78236397745,-427711.3806553574,-12594122.062347341,229355.0143839899,602295.245894772,19633591.27031935,112301349.93483946,681596.548624629,-3175460.8103798535,-71697454.16193685,-2011812370.9897053,0.17384987126606227,0.0007008988496481896,0.0008520977381108193,8.697688176596097e-06,4.901064916005785e-10,-1.8432587475530775e-07,-5.660895313487354e-10,37,1.1658815336112844,3.6680218695430584,4.276478962582592,Crystal,../Images/Training/4 nM 5.bmp,37,47.15811227387572
37,151010.66799999998,438.48917224313846,-0.1877348507901006,569.7808539337358,373.8594711197987,2059.7450377193845,50.0,190.3186046511628,254.0,0.636094674556213,0.754633903160395,41.359883720930235,38.1,702.9998222617129,1720.0,65532.0,2675792.0,115581750.0,71139.0,2668890.0,107202644.0,4559583900.0,3331923.0,122532330.0,4812398756.0,200128219116.0,170660181.0,6150081690.0,235907702864.0,9571392898632.0,1720.0,-2.5295321393059567e-12,179022.79999999996,-7462.560000000987,4.973799150320701e-13,-41505.9,-305052.40139534953,-5245212.285139536,389622.2319767443,-980577.9045348838,31078260.467240546,-151313170.73340574,622772.7336120857,-17396485.754296135,46630211.21038042,-2666573109.118134,0.19221370740154958,0.005854926333293566,0.0007290700314448293,7.155534551337492e-05,-1.4712232784889817e-08,-2.968799525504781e-06,7.117829462690871e-09,38,1.5240508745896035,3.614977624290142,5.509409809921237,Multiple Crystal,../Images/Training/4 nM 5.bmp,38,51.42820834761136
38,248377.43009999994,562.35572907459,-1.392806635506141,663.2785265402179,482.223927040814,2079.0938174647436,80.0,191.83103570166136,244.0,0.9414309484193012,0.6866048321523268,26.010957935666312,35.70307529162248,681.9532090253699,2829.0,101004.0,4479044.0,221803758.0,73585.0,2554429.0,111496893.0,5481909307.0,2395417.0,82066625.0,3511409445.0,169544722127.0,87157549.0,2954399977.0,123682685313.0,5840082064339.0,2829.0,-3.26281224261038e-11,872890.5832449632,-441643.5963762625,2.376054908381775e-11,-72781.79533404011,189735.76134281617,-29414406.390513252,481400.6603039944,329119.9279995434,104366732.03027354,84763490.40682162,-192926.4761183607,-35348807.86965304,-69556799.71693435,-15239959483.410032,0.16921785106170834,0.0027236227172457977,1.447493933759305e-05,6.993137786584627e-08,5.90442404678681e-14,3.3432213550599908e-09,3.826348967013365e-14,39,1.3754575195188934,3.1345712762776707,4.311469632424057,Crystal,../Images/Training/4 nM 5.bmp,39,61.884880263506886
39,81738.91389999999,322.6038089068117,1.1427341158786988,423.481673200308,258.51905666721757,1339.4154715582822,105.0,194.27067669172934,247.0,0.8217122683142101,0.7920462965446321,18.539205155746508,19.305048335123523,459.51228982476624,931.0,17973.0,452977.0,12832167.0,17260.0,361364.0,9575586.0,280493480.0,377128.0,8353656.0,228354198.0,6821726424.0,9079672.0,210319802.0,5875016700.0,177735728534.0,931.0,1.0658141036401503e-13,106007.36627282492,-5530.539251304475,-1.2292389328649733e-12,28158.865735768002,90535.93798290404,5868749.976759862,57141.319011815256,29095.75381448865,6576753.938938936,7378244.876864493,-30690.634036372037,4383272.5155153815,3794680.4033458354,880381808.355681,0.1882279951274229,0.007400193248532364,0.00014297147749674428,5.914444939539677e-06,-2.5280229279750524e-11,1.8095955289944593e-08,1.7011892274009464e-10,40,1.6381062141404956,3.162865257984222,5.181109233593036,Crystal,../Images/Training/4 nM 5.bmp,40,37.442250302419666
40,997548.3777999998,1126.9951385881716,0.5731322551535984,1932.9339057081118,800.177317376416,6969.425938749103,88.0,183.6191691603591,234.0,0.746468694566717,0.9102903672943347,96.27900017602535,68.72055976060552,1927.6939052920202,11362.0,780803.0,66199349.0,6400995779.0,1093922.0,86583952.0,8171757360.0,853741135192.0,128178038.0,11197928412.0,1128620765540.0,123339871228188.0,16693734188.0,1565073076348.0,164877063892776.0,1.8562677637350388e+16,11362.0,2.454214609315386e-11,12542129.777239919,127935102.16814588,-7.769074272800935e-11,11409019.825558873,230081768.51173183,28387804480.54762,22856321.56944198,192563848.03731367,34322511375.07281,1058354662830.958,-48286731.97978071,44978033488.87604,1102640426319.3777,117602262571278.2,0.274204572459667,0.037625294325890256,0.003948748851669242,0.0007170125118588103,1.0158122078665094e-06,7.937940721922431e-05,-6.509360514055982e-07,41,2.4156319652320626,3.605620408523964,8.709851913323575,Multiple Crystal,../Images/Training/4 nM 5.bmp,41,157.87367994157194
41,418966.8067999999,730.3732650838041,0.18439374127771627,1018.9287759368648,548.1676496238958,2910.531572831487,75.0,188.87175188600168,248.0,0.9020793950850662,0.8429548798965965,50.454735959765294,38.13663034367141,1020.4269861190461,4772.0,181988.0,8045428.0,387429374.0,240770.0,9633861.0,435641265.0,21241830261.0,15590604.0,643189311.0,29241144975.0,1419711038427.0,1152404816.0,48336558783.0,2194781919255.0,105649027287219.0,4772.0,3.5697667044587433e-11,1105018.9170159262,-3679535.5146246236,7.105427357601002e-13,451704.51215423323,-4741656.4324914375,265795273.0679729,3442617.222967308,3034945.6322822073,523466642.3288561,-1599592008.9620461,18392321.736027263,478654223.8657531,-896819778.1933713,212249796073.28802,0.19970311501989613,0.012111374342558608,0.0004959734341593116,7.546972353474201e-05,1.2706562429376547e-08,7.430545172839282e-06,7.192921013311535e-09,42,1.8587904204780483,2.85646223913479,5.309564646561023,Multiple Crystal,../Images/Training/4 nM 5.bmp,42,87.31475315775424
42,322565.8105999999,640.8615652662224,0.9895861090289649,838.891279379969,570.8785301463439,2934.817517403872,74.0,165.0239520958084,223.0,0.7623988379331812,0.7327336728004689,46.444202504082746,39.47033206314644,852.67,3674.0,145014.0,7266434.0,417121176.0,170636.0,7188527.0,364878133.0,20755175543.0,9075304.0,392576559.0,19807627389.0,1105634143251.0,526472972.0,23029298237.0,1148285607679.0,62710871276285.0,3674.0,-1.7848833522293717e-11,1542683.2661948828,8532171.53511988,-2.148681232938543e-11,453467.418072946,-8402618.320865596,257897233.4612976,1150251.061513338,-7750568.641967917,408693116.6916135,-5423935461.668973,-1867271.2250352586,394667493.5170518,-6586638712.674973,232392242032.31247,0.19950209402357905,0.005359579116846707,0.0023229186217065844,0.0001584688962040688,-7.29447628852988e-08,-6.1653938034481016e-06,6.26353943900832e-08,43,1.4694742140064725,3.4984479986167196,5.140879123009821,Incomplete,../Images/Training/4 nM 5.bmp,43,76.57522802800548
43,573313.7569999999,854.3803292170799,1.2094454881055987,1350.2618668562543,683.3198974444451,4882.179680775077,81.0,180.80245022970902,235.0,0.7071691574615552,0.8624955050738393,50.792955589586526,58.74042879019908,1234.9219218234,6530.0,383575.0,30218543.0,2668827631.0,331678.0,21567911.0,1763955339.0,157931447123.0,19805436.0,1365480821.0,113855908117.0,10260872664305.0,1291676794.0,93002801117.0,7864226532129.0,711777974331737.0,6530.0,-1.5643308870494366e-10,7687183.026799389,-9319396.600941792,2.941646926046815e-11,2085003.059724346,-15881721.09518137,3589979904.1351542,2958530.07595712,-9705917.650307113,3556487262.093893,-23259183073.8095,-14844810.697490387,2470678698.799797,-31327924221.30943,3817540364548.983,0.24965967188207822,0.021861234427512408,0.00012362668767536576,0.00011000303063175387,7.61432337778806e-09,4.19252950581854e-06,1.0323894690470904e-08,44,1.9760318291712449,3.615728030698228,7.144793674286362,Incomplete,../Images/Training/4 nM 5.bmp,44,114.20254488898121
44,225374.64229999995,535.6826550831211,1.413373235675796,667.5353513241027,523.650363496272,3147.4451944202056,106.0,182.6455005843397,239.0,0.7671846981470413,0.6201877881230186,28.150759641604985,37.69419555901831,726.0994315519052,2567.0,96761.0,4453913.0,228723707.0,72263.0,2772390.0,130466760.0,6864122310.0,2543039.0,99344188.0,4699751358.0,247761707716.0,101600003.0,4020097638.0,189285497340.0,9888989433234.0,2567.0,-1.0373923942097463e-11,806584.9435138294,29898.18360604212,8.235190307459561e-12,48494.346318660006,1429814.9250955568,56979117.72515423,508780.656018699,756073.2454029439,103944564.0636854,330444290.1471256,1366399.4360115046,11224891.998980409,404119260.6976064,14474454109.99435,0.199615721269514,0.002259122888349823,0.00012160376660383859,7.568962556877217e-05,-6.906161256264796e-10,-2.3393291946697977e-06,7.228613017185804e-09,45,1.274773012410704,4.715023988133407,6.010585332941553,Incomplete,../Images/Training/4 nM 5.bmp,45,64.02584206389432
45,345393.0045999999,663.1500825089399,0.5524642036327773,1425.412570030915,451.60660930788157,4037.043540326667,55.0,145.9443314692425,204.0,0.6097334159950403,0.9484839474372044,86.21301474326386,40.47737671581088,1443.1625209240988,3934.0,159238.0,8426442.0,513927718.0,339162.0,16015081.0,907797419.0,57106493167.0,33520484.0,1714341731.0,100816129129.0,6460443970217.0,3529828278.0,189543924799.0,11412498730121.0,740875176077209.0,3934.0,1.1709744285326451e-11,1980905.4865277074,12483735.558871893,-8.218137281801319e-11,2286692.9583121506,-3790213.993243668,2019812109.9460006,4280305.493645143,-36764915.02087729,2882669427.8746567,-19544410491.68625,-98109784.55194433,5185780447.691534,-79057689650.87746,4611062708119.2295,0.40456622865052017,0.10939947493574101,0.023982956872335794,0.011645575042359942,0.00018837911924168997,0.003096241226664964,4.8899659945191005e-05,46,3.156314678864994,2.8321930262191457,8.939292422034558,Multiple Crystal,../Images/Training/4 nM 5.bmp,46,112.83841698680982
46,103073.56059999998,362.2669366262621,0.46032310885869154,435.5527178132,331.8046600435246,1622.5703134016412,108.0,179.52640545144803,232.0,0.8446043165467626,0.6478106687142116,26.01192504258944,17.465928449744464,512.9593641800489,1174.0,20505.0,463279.0,11892537.0,30538.0,559855.0,12658605.0,322172191.0,939766.0,17447633.0,387742967.0,9666516209.0,32242696.0,596787181.0,12937645131.0,313954072549.0,1174.0,-1.673328142715036e-12,105140.13713798979,128198.90883393455,-1.6484591469634324e-12,26480.477001703584,-317185.8550595091,5209950.117278113,145413.83304940374,-343869.0812232095,10309785.382410085,-47683661.474311896,232585.79955248372,6720969.469009457,-84501653.61673725,1311277815.528551,0.18178795117044302,0.002330347962613626,0.001231892595192679,2.406564603979251e-05,1.4070141823159722e-09,1.1308138130778566e-07,-3.897450232015749e-09,47,1.3126781213864391,3.725313256104006,4.890137206598605,Incomplete,../Images/Training/4 nM 5.bmp,47,41.3201214590761
47,1276566.9259999997,1274.902149846884,-1.1702842031609009,1656.5135736494742,1040.9776066751676,6164.319168585768,58.0,182.50068775790922,243.0,0.7944052887504781,0.7778784410432448,72.29105914718019,98.39793672627235,1745.7896742162268,14540.0,1430706.0,166568392.0,21288690042.0,1051112.0,97256827.0,10971685607.0,1381349746489.0,89814798.0,7941396059.0,868651096343.0,107147515118609.0,8404249856.0,718186254481.0,76357111443293.0,9217753215117296.0,14540.0,1.751345735101495e-10,25789873.538101792,-176636743.77434048,-2.8205704438732937e-10,-6170425.068225585,144594319.75223517,-21086536301.795418,13828798.237689126,-4061624.546254414,19734263099.279007,-198529589645.96695,-87953961.1804541,-11153860668.62239,102249789369.21896,-28003631551314.137,0.18740065245138354,0.0066084528274031225,0.00046048733208194374,5.5180880032623356e-05,8.250119594690163e-09,4.402051658785307e-06,3.050816089887253e-09,48,1.5913056755757684,3.721260885900936,5.9216635680322725,Multiple Crystal,../Images/Training/4 nM 5.bmp,48,147.64296086554526
48,45390.99729999999,240.4030214812763,-0.8478301896115198,356.3057644265147,185.233947826694,1103.224881018564,116.0,156.32688588007736,200.0,0.857379767827529,0.8542432188017318,11.570599613152805,12.990328820116055,419.9809187332205,517.0,6716.0,119042.0,2478518.0,5982.0,60793.0,886711.0,15475897.0,96768.0,841599.0,10875465.0,170225787.0,1815768.0,14033353.0,164888539.0,2354636401.0,517.0,-7.247535904753022e-13,31798.951644100576,105965.60061207152,-1.538325022920617e-12,-16915.147001934238,-51209.67595748425,-2643126.5228199633,27552.673114119927,-24012.352550984193,2267486.790685301,7307660.064285755,58502.318883306085,-1926820.9302422844,-698105.4462223807,-303483713.54050374,0.2220503827625548,0.016271895217999696,0.0020761357673072358,0.00018327574787427295,4.7322573968354514e-08,-1.230078975950091e-06,1.0267301553353087e-07,49,1.9235446234719165,3.0962869287120265,5.955846074450392,Incomplete,../Images/Training/4 nM 5.bmp,49,30.305121400613565
49,2107.1255999999994,51.79648288874262,-1.2058823220365162,97.39237155907949,38.4018963780636,180.30354323830767,181.0,188.125,199.0,0.7058823529411765,0.9189814076651399,2.125,2.875,96.47005442104819,24.0,69.0,343.0,2079.0,51.0,101.0,381.0,1895.0,151.0,223.0,655.0,2689.0,543.0,635.0,1467.0,4769.0,24.0,0.0,144.625,261.28125,0.0,-45.625,-85.53125,-653.810546875,42.625,-17.21875,331.294921875,579.8603515625,40.96875,-198.279296875,-37.1181640625,-2388.230499267578,0.3250868055555555,0.05645544735001928,0.023418576629073533,0.007730155324739685,0.0001015357223156732,0.001713322904378271,2.25378253855134e-05,50,2.5361344294109696,1.8513107377094022,4.695172901443036,Incomplete,../Images/Training/4 nM 5.bmp,50,7.9004219296608875
50,16418.020299999996,144.58240796246497,-0.4578812801285007,271.70737231429314,105.14306858812856,739.0695661611028,117.0,180.3475935828877,206.0,0.5955414012738853,0.9220915842075437,17.497326203208555,10.540106951871659,277.48492085156624,187.0,1971.0,23879.0,313839.0,3272.0,31174.0,347532.0,4272628.0,65446.0,581816.0,6051398.0,69587570.0,1407440.0,11976412.0,118413582.0,1287982702.0,187.0,-8.704148513061227e-14,3104.449197860962,-3290.6670479567656,4.618527782440651e-14,-3313.229946524065,-443.0564214018092,-100467.31470884144,8194.748663101605,7953.490748949059,122298.2124549429,38835.675235136194,-24462.3917183791,-232550.69505626286,-336833.89257739356,-4939373.742855665,0.3231204169682452,0.0570979322464216,0.005564060619352688,0.0028076485126955243,1.0568501333530473e-05,0.0005734877140270645,-3.384185366787098e-06,51,2.5841681811536072,2.7200939005298537,7.029180107499252,Incomplete,../Images/Training/4 nM 5.bmp,51,21.98608977932399
51,326341.07729999995,644.6009344469138,-0.49561975037715433,1042.612896365311,467.0028775811563,3629.3106268032825,81.0,172.4030131826742,225.0,0.7522768670309654,0.8940757017646638,60.5168146354587,40.765671240247514,1106.7711365950956,3717.0,151526.0,7274166.0,378848486.0,224941.0,8207969.0,366469801.0,18086748113.0,15969017.0,536019337.0,22601261273.0,1065815140249.0,1238218585.0,38898160517.0,1564501522573.0,70947388817657.0,3717.0,-1.0686562745831907e-11,1097106.8996502557,-7136372.07608536,-1.8189894035458565e-11,-961901.8544525167,4685595.078435216,-617408980.8453888,2356304.199085284,1454112.3948901065,851803012.318883,-6891258426.636106,-13367505.581083031,-1274370216.7580972,1526624685.299809,-727179672235.1255,0.24995576524843893,0.027695300906276255,0.0012463577922540551,0.0001517421641622715,-3.5321799625824346e-08,-1.3828554144523907e-05,-5.5741400158874977e-08,52,2.232562038515757,3.4809761508375243,7.771495211338556,Incomplete,../Images/Training/4 nM 5.bmp,52,86.21301894393665
52,53819.499699999986,261.7730224753922,-0.8045801138231587,342.5382638569145,212.5509041042372,1046.6719283199743,150.0,199.91843393148451,234.0,0.8294993234100135,0.7841927907390491,13.572593800978792,16.172920065252853,374.4484601383747,613.0,9914.0,196400.0,4368104.0,8320.0,118827.0,2165973.0,45123237.0,147778.0,1932247.0,32798421.0,638866777.0,2972908.0,36641967.0,591379701.0,10950561357.0,613.0,4.831690603168681e-13,36061.6704730832,25297.47122301216,-2.842170943040401e-14,-15731.694942903749,9170.467092814903,-2263699.784596748,34854.01957585645,-30714.970881046593,2059530.6277975643,-4605472.0502297105,21058.333210030753,-1493934.1476278834,4676457.127363868,-190687458.33944803,0.18872150190393472,0.007021153574651214,0.0001598293607794754,1.0896048686549118e-05,2.0880795319247968e-10,2.839957465500205e-07,-4.039280619022525e-10,53,1.6115587242523803,3.055635059670856,4.924335338544011,Incomplete,../Images/Training/4 nM 5.bmp,53,30.421871167581
53,881129.6883999998,1059.1926941359875,1.2631350810459925,1633.1557474153478,1049.7717059631834,7066.949994176718,96.0,178.00438421681946,242.0,0.6374896779521056,0.7660447376048396,49.24372259864488,108.09595456357114,1753.4171905738804,10036.0,1084851.0,135297871.0,18152081991.0,494210.0,56649390.0,7291283662.0,995761239948.0,33235412.0,3927023984.0,506597446240.0,68788039679114.0,2619116042.0,311730970326.0,39783607076614.0,5326495767745236.0,10036.0,-2.163744738936657e-10,18029866.595755287,-370981805.8079337,-1.2038015029247617e-10,3227288.2951375074,-69000783.54069713,11131237185.819733,8898671.854523713,16563019.443223244,9027919030.84457,-12071551769.800957,106073176.41925764,2690265200.776423,8830000820.954847,9608358964127.379,0.2673569495201789,0.012325578565549961,0.0027008362720158385,0.0012472575214894897,1.3269990065696607e-06,9.408615867764606e-05,-1.8653418871672062e-06,54,1.555724676268446,4.327174554760597,6.731892233361987,Incomplete,../Images/Training/4 nM 5.bmp,54,146.51127862071277
54,276560.2349999999,593.4032589253699,-1.0196604442295578,887.8972565149601,476.7038262571862,3077.308107943589,135.0,190.21936507936508,239.0,0.7354657950035022,0.8436517763878429,35.45650793650794,48.135555555555555,890.4951436139334,3150.0,151627.0,8721437.0,548118403.0,111688.0,4814841.0,256174425.0,15206716083.0,4814670.0,194851145.0,9761990549.0,547961507219.0,228578596.0,8961282903.0,431534596371.0,23186822773773.0,3150.0,-2.1088908397359774e-11,1422787.1177777778,-8666108.940819757,-3.105071755271638e-12,-561322.9288888887,981906.8480225749,-467633242.945648,854603.5415873013,2899431.499518876,300890719.14333993,-238049999.05070806,-2735303.576382579,-232861091.46164942,-683295943.3103685,-157373463625.63113,0.22951782911212687,0.01607993619219346,0.0010762894025761471,0.0001171386734767812,1.5004982377330727e-08,-1.8050987871563367e-06,3.879157427732029e-08,55,1.8625763159617081,3.4658380633162142,6.455387891691376,Incomplete,../Images/Training/4 nM 5.bmp,55,76.05162255748131
55,128973.64609999997,405.23369361789,1.0772833095555667,504.67928808040506,355.09440245989015,1583.0925972101027,101.0,202.7494894486045,235.0,0.8666666666666667,0.7105922241298387,17.961198093941455,28.880190605854324,512.9593641800489,1469.0,42425.0,1461411.0,54991199.0,26385.0,818113.0,28969887.0,1096788901.0,635947.0,20656935.0,738859121.0,27844511883.0,17891115.0,600284641.0,21606936915.0,811037863525.0,1469.0,1.0516032489249483e-12,236168.91354663033,-855835.7103006032,9.166001291305292e-12,56109.1708645337,-519692.56627343944,13711387.739116728,162040.78829135466,275088.5592093647,18607491.30890426,-18080329.05646195,647851.5601533126,14459833.240442447,-11494517.773770561,2733039438.6789765,0.1845305368530687,0.003884202019340587,0.0011251025714356577,5.170305852429937e-05,-7.781147486643661e-12,4.79539895733727e-07,-1.2470111201182697e-08,56,1.4212538541421005,3.1368289418643345,4.458230223409172,Crystal,../Images/Training/4 nM 5.bmp,56,46.568260318561
56,177086.34729999996,474.8403312852278,1.302808310621816,709.0237085920107,354.8289224650301,2190.259132322205,119.0,174.69410014873574,221.0,0.7875829754002343,0.8657670646445735,20.7882994546356,38.16063460585027,733.3184932210559,2017.0,76970.0,3621108.0,187867130.0,41930.0,1738225.0,86512705.0,4673745877.0,1090366.0,48591029.0,2519964273.0,139727881997.0,32400392.0,1534403293.0,82225472305.0,4651092047665.0,2017.0,-1.6981971384666394e-12,683883.9543877045,-2511540.648707594,6.288303211476887e-12,138149.59097669803,692275.4140045148,85520305.22381525,218712.6038671295,1238180.3538394158,74938116.25079721,454505210.8736085,640210.8694608462,41659336.928072594,585571868.347206,23942311840.30817,0.22186146516504457,0.017686306482816654,0.0012230047947273616,0.00010175639825966767,-2.1052135012708875e-08,-7.431421492316486e-06,-2.907564968586293e-08,57,1.9982128392081344,3.0891197371547032,6.172718720633785,Incomplete,../Images/Training/4 nM 5.bmp,57,59.83273854590946
57,161897.48359999995,454.02012985398835,-0.08336021107467285,617.4934216628276,365.369146917258,2397.455116069795,99.0,170.7245119305857,218.0,0.8199199644286349,0.8061602746596619,38.18546637744035,24.64533622559653,685.0360797067553,1844.0,45446.0,1297524.0,40286780.0,70414.0,1708386.0,48484360.0,1501755168.0,3187062.0,77522500.0,2193061586.0,67481690014.0,158412610.0,3894230412.0,110032925674.0,3362401944330.0,1844.0,-3.11928260998684e-12,177492.04989154017,-439837.73467563296,2.120259523508139e-11,-26990.70498915395,268190.92292526434,-7261418.300635408,498270.57049891556,1037590.7539113779,28434852.339423675,82760037.46800053,-1340227.0771264986,-10696427.124001589,-10874355.797986012,-1580656884.379504,0.198734072277109,0.0091515520248324,0.0008077164576455473,7.066181456775328e-05,1.4828454448270622e-08,4.458400682302271e-06,8.068222946330292e-09,58,1.6900535441287987,3.8825597681895423,6.561733896520623,Incomplete,../Images/Training/4 nM 5.bmp,58,54.14540640009928
58,5706.798499999999,85.24154810909589,0.8283511399994583,111.07724779506248,70.48194789923681,305.71889727097437,192.0,207.96923076923076,223.0,0.8552631578947368,0.77289748051989,4.861538461538461,4.876923076923077,113.21814077258114,65.0,317.0,1961.0,13709.0,316.0,1711.0,10981.0,77461.0,1922.0,10831.0,69653.0,485737.0,13162.0,75631.0,482257.0,3300949.0,65.0,-2.842170943040401e-14,415.01538461538456,97.35763313609425,1.687538997430238e-14,169.8923076923077,-209.58035502958577,1758.142088302231,385.7538461538462,-194.32213017751488,1951.7296422394174,-2851.3004392283206,67.40875739645013,2229.064101957214,-3676.7500341864775,20686.401313882034,0.1895311788802913,0.006515728300001098,0.0008165758923777159,2.5523671588791726e-05,3.0982223541666605e-09,1.8464934365510408e-06,1.9946708145300478e-09,59,1.5759673378190677,2.7523088961929068,4.337548923988872,Incomplete,../Images/Training/4 nM 5.bmp,59,9.9275481876318
59,438.9844999999999,23.6417517313289,-0.7853981633974483,37.48,12.983452853536308,50.73118107943589,209.0,213.8,219.0,1.0,0.9380831519646858,1.2,0.8,33.784015451097574,5.0,4.0,6.0,10.0,6.0,7.0,11.0,19.0,10.0,13.0,21.0,37.0,18.0,25.0,41.0,73.0,5.0,-2.220446049250313e-16,2.8000000000000003,0.7199999999999995,2.220446049250313e-16,2.1999999999999997,0.2799999999999998,2.104,2.8000000000000003,-0.2799999999999999,1.8960000000000004,0.3535999999999998,-0.7199999999999996,2.104,-0.3535999999999999,1.7776,0.22400000000000003,0.030975999999999997,0.0015575039999999984,0.00012390399999999982,-5.443053158399986e-08,-2.1807103999999967e-05,3.639594695233322e-23,60,2.8867513459481278,1.3535533905932737,3.9073720721077847,Incomplete,../Images/Training/4 nM 5.bmp,60,2.9933259094191533
60,1229.1565999999998,39.56021726169133,0.7131773742101263,77.1301262940509,19.29560618026179,109.2247243177436,202.0,210.64285714285714,223.0,0.875,0.9682020524953642,2.5,2.5,73.18203946324535,14.0,35.0,115.0,425.0,35.0,115.0,425.0,1687.0,123.0,445.0,1747.0,7225.0,485.0,1867.0,7625.0,32419.0,14.0,0.0,27.5,0.0,0.0,27.5,0.0,108.875,35.5,0.0,118.875,0.0,0.0,138.875,0.0,618.21875,0.3214285714285714,0.08040920449812577,0.0,0.0,0.0,0.0,0.0,61,3.9972896199006303,1.416109755886244,5.660600827844099,Incomplete,../Images/Training/4 nM 5.bmp,61,6.000000000000001
61,60140.876499999984,276.7196093789409,1.0206154866198591,373.6908825814399,239.79366804197795,1373.0714161306666,96.0,186.73868613138686,237.0,0.7165271966527197,0.7669641856351607,14.356204379562044,15.424817518248176,448.3914595529223,685.0,10566.0,220124.0,5355732.0,9834.0,169540.0,3820856.0,98824894.0,180168.0,3320258.0,77615806.0,2056147532.0,3659724.0,70365658.0,1673458430.0,44728438000.0,685.0,-9.663381206337363e-13,57145.378102189774,197445.41013799334,-3.836930773104541e-13,17852.344525547443,109972.55399435235,4105434.1025271537,38989.08613138686,28615.664046033326,3118255.1810881267,14657701.77544058,-46275.20880600996,1644509.1896915531,2065197.6106755133,330418956.1393984,0.20487924606228702,0.007287370896720387,0.0010209351425544636,0.0003657454791159874,2.0041523218580267e-07,2.660039701663555e-05,-9.891250768721061e-08,62,1.5583851134718956,3.674350860918925,5.726053683328697,Incomplete,../Images/Training/4 nM 5.bmp,62,33.507286795879686
62,183495.52099999995,483.3567560497954,0.8705592352604388,792.537892512353,423.40827788522137,3169.1246430556926,60.0,169.488995215311,218.0,0.6177948566361218,0.8453305870504608,30.50622009569378,58.61913875598086,918.3078048780811,2090.0,122514.0,7838882.0,527547930.0,63758.0,4066503.0,270464487.0,18580237305.0,2489042.0,162483471.0,10946755123.0,756682689885.0,110681624.0,7316112783.0,496053247215.0,34345784118225.0,2090.0,-2.4726887204451486e-12,657216.8344497608,-9011551.272514828,1.4885870314174099e-12,329063.9511961723,-7249063.425691725,369353573.9157718,544026.419138756,-3499022.0089622475,280985210.83967197,-8916323621.71059,1557981.56033607,229567288.49152538,-5485829266.441804,276451993917.24445,0.2750036065082111,0.023371983767795392,0.0136752149701083,0.004737040468413157,3.576665526303045e-05,0.0006186657122550916,-1.3205363466229698e-05,63,1.8718053800714691,3.9987042550224774,7.484796137865748,Incomplete,../Images/Training/4 nM 5.bmp,63,67.8089986713953
63,328799.3904999999,647.0242547767579,0.749125581251304,906.0839521083221,512.0730687105524,3046.039957913154,91.0,172.99706275033378,224.0,0.8078084555651424,0.8249883773878527,45.88464619492657,35.82536715620828,947.621598107599,3745.0,134166.0,6196450.0,326319336.0,171838.0,6899027.0,331827801.0,17797420187.0,9382602.0,395189849.0,19254345467.0,1034724766853.0,564170452.0,24290626493.0,1184004386835.0,63176733740849.0,3745.0,-9.762857189343777e-12,1389903.7901201595,4741612.499192832,3.604583298510988e-11,742867.5586114812,-5721120.985937544,578941134.9759067,1497876.167156208,-9117742.723727558,579586902.7485074,-7556782899.359616,-3805957.105361011,642004348.848072,-10267469710.839258,437186868656.2336,0.20590194721766042,0.011281402698449235,0.001640541485252129,0.000149210968425574,5.7708013875404856e-08,1.2739519617206596e-05,4.604016524490549e-08,64,1.7694426976796997,3.361763499756809,5.948447875970837,Incomplete,../Images/Training/4 nM 5.bmp,64,78.54185087353815
64,162951.04639999996,455.4950231697975,-0.6593304408762692,717.5350198664328,403.1789853789571,2465.2615336562817,102.0,191.3873922413793,244.0,0.5801813066583307,0.827208900070959,29.005926724137932,23.84428879310345,804.5660592518179,1856.0,44255.0,1444675.0,57490199.0,53835.0,1058279.0,27812473.0,906911879.0,2067103.0,37743887.0,859652105.0,22869849143.0,92450619.0,1679274905.0,36227175739.0,863939953553.0,1856.0,1.0373923942097463e-12,389445.9994612069,4470825.326879624,-2.1813661987835076e-12,-225378.287176724,-3343694.2559203375,-137044037.54947048,505568.93480603467,1529898.2690290345,101267385.25511764,1919981232.9553704,3163389.896785702,-89410841.14222255,-1168743464.8327456,-46835671859.18811,0.2598210528375009,0.018259081582858612,0.007905502186465846,0.0016364747274902512,4.768724499901533e-07,-4.220956698363437e-05,5.866765151247214e-06,65,1.7796935006223236,3.435736884473156,6.114558603145266,Incomplete,../Images/Training/4 nM 5.bmp,65,62.1113757095366
65,321073.26329999993,639.3771778776005,1.215595667826433,993.6517895655539,586.3227473544101,4104.298303819616,79.0,197.22340716434235,249.0,0.6234231162632117,0.8073530920416279,33.85097074104457,53.19360131255127,1034.3563328950038,3657.0,194529.0,12715419.0,917767047.0,123793.0,7131295.0,486482565.0,35792276455.0,5288105.0,322703409.0,22646042751.0,1684430591397.0,263823247.0,16956578653.0,1218588648891.0,91519370989333.0,3657.0,-3.815614491031738e-12,2367720.930270714,-10507088.17644608,-1.6342482922482304e-13,546299.5127153406,-2065988.4823639398,417302632.6129587,1097591.779053869,4424522.289543268,704263960.9775903,-2266336845.78346,10506664.972701324,595552382.58122,4868758449.672204,488906083944.6803,0.2591149737311472,0.01569432631631716,0.0012912427110157655,0.0001654906736056282,-7.285730654102456e-08,-1.7798472029141978e-05,2.3326768460624272e-08,66,1.6947181293052045,4.13051971215601,7.000066639643305,Multiple Crystal,../Images/Training/4 nM 5.bmp,66,87.06702976143406
66,347412.33329999994,665.0857997929836,0.0025831442228360126,817.9549916958242,631.3009844266975,3364.0111781677956,117.0,184.85746777862016,242.0,0.7492899072145427,0.6358604337401752,48.109931766489765,34.44983573414203,909.662455254695,3957.0,136318.0,5818776.0,285620830.0,190371.0,6560218.0,275171880.0,13146794482.0,11043359.0,371445288.0,14983757946.0,684914485500.0,716530677.0,23513825200.0,912860539506.0,39908188083544.0,3957.0,-5.286437954055145e-12,1122643.2923932269,7815198.604265882,-3.582556473702425e-11,1968.3214556490534,-4904653.026126389,-94518646.7804828,1884623.1796815766,-9186007.125010468,370954289.0798526,-1664851379.3261952,3897243.8770980514,141608179.8420174,-1355697437.854325,13662765956.017982,0.1920612768762046,0.0023682874131829693,0.0016468312521667216,2.9830920440772822e-06,1.5213498786719983e-10,-4.2637003095767766e-08,-1.434287823583034e-10,67,1.2956656363186771,4.112709393940324,5.32869623389349,Incomplete,../Images/Training/4 nM 5.bmp,67,77.97366081436175
67,312293.57329999993,630.5747593205814,-1.5116206819861973,797.9737913134513,540.2679708953083,2980.7257849599227,103.0,196.74023053134664,251.0,0.8310747663551402,0.7359372327889578,29.859994377284227,41.81894855215069,845.6392555339421,3557.0,148750.0,7829874.0,462911176.0,106212.0,4390119.0,232245191.0,13824112575.0,3913644.0,160469327.0,8452099747.0,501134641139.0,161775744.0,6600427599.0,345716060831.0,20397659356131.0,3557.0,7.275957614183426e-12,1609305.4028675854,875158.3297423209,-2.1380230919021415e-11,-51555.163621028936,2757162.85528707,-73834699.09639218,742154.2771998874,-116276.2957454478,275513600.20296645,67578095.65864657,592911.076775679,-16545156.548141696,1686293443.1550055,-8983058424.419367,0.18585309853350757,0.004763778422861763,0.00010617920196120662,2.0721543159105136e-05,-8.481727948859797e-10,-1.354333160696122e-06,4.746879335469606e-10,68,1.4769962949887336,3.7353680251248584,5.517124733528799,Crystal,../Images/Training/4 nM 5.bmp,68,72.72300717014865
68,134943.83529999998,414.50672783706267,0.5038151275398839,513.2527341126847,369.6060428476656,1725.5831877498204,90.0,166.10735198438516,224.0,0.8228051391862955,0.6938445181260199,31.20949902407287,20.670136629798307,579.5782426903204,1537.0,31770.0,838500.0,25432434.0,47969.0,1050191.0,28814167.0,898501739.0,1752977.0,39271891.0,1089377215.0,34183976239.0,69845669.0,1572392339.0,43535987383.0,1361988050819.0,1537.0,8.526512829121202e-13,181809.75927130773,584459.3063767775,-1.1027623258996755e-11,58665.21600520497,219766.00782646536,15945493.577412661,255888.54131424843,-624207.1022168845,24027657.70754436,-77311934.89535798,-836171.331559126,15690851.625652831,-43962027.49129732,3780506327.888673,0.1852793956344484,0.0034500681027137565,0.0009645595674740233,4.448007528538391e-05,6.21189224640276e-09,1.6669761383075728e-06,6.804141922612578e-09,69,1.3886481134298543,3.362053571391143,4.668709349162414,Multiple Crystal,../Images/Training/4 nM 5.bmp,69,47.73044572095653
69,247675.05489999993,561.5600360986635,1.2332825946086907,723.0952085589264,534.5391153732658,3390.180587628077,110.0,178.50903934774902,236.0,0.6352172934023869,0.6734447827236417,38.345622119815665,31.219071251329314,806.1467942006592,2821.0,88069.0,3747227.0,188602213.0,108173.0,3525857.0,152005617.0,7673622365.0,4773983.0,156407649.0,6664626685.0,331285613493.0,230006753.0,7465245863.0,310288743639.0,15007047583931.0,2821.0,4.3002046368201263e-11,997794.6139666785,9316823.996858275,8.313350008393172e-12,148796.40552995386,-974704.7115331481,97776796.76279008,626022.0184331797,-4043047.908111806,159299967.58793178,-2042007113.1709404,-1065002.6394699344,93383431.63828745,-1940103977.3874013,53694381149.50676,0.204047281535727,0.0035808440289936483,0.0025937452320017413,0.0001789656124991431,6.374641983538086e-08,1.681660731140097e-06,-1.0394147558902591e-07,70,1.3527451738569083,4.688429058165727,6.342249781404177,Incomplete,../Images/Training/4 nM 5.bmp,70,67.85970122022559
70,588327.0268999998,865.4947925236452,-1.2998065931739324,1473.5496831320656,587.6928250109561,4879.51605918636,72.0,187.71392329503058,250.0,0.7649543378995434,0.9170257643089058,41.339949261304284,66.11460975973735,1387.9307558015996,6701.0,443034.0,39024740.0,3986419536.0,277019.0,16068474.0,1275827230.0,121512687558.0,13723651.0,712081960.0,50628915988.0,4429743771736.0,773233031.0,36679897854.0,2334430150510.0,184913862788742.0,6701.0,6.104983185650781e-11,9733719.979704523,119231883.98734127,-3.416289473534562e-11,-2246529.081032681,-40396754.5228375,-5813556487.255759,2271699.595582748,-9509073.89595806,3164052079.599825,36457310011.56046,18074102.9435196,-1744891675.5495474,-8788764631.851423,-3707533061172.4453,0.2673610307443588,0.03762770400740251,0.003051314577672698,0.0009279172489496005,1.5429712682386332e-06,0.0001782207749169645,2.390254257389318e-07,71,2.507346730164002,3.3114024691823283,8.302834153361312,Incomplete,../Images/Training/4 nM 5.bmp,71,119.71921373005915
71,623972.5682999998,891.3285302230161,0.7496740481054099,1126.4803010776598,742.734665999794,3600.2017687075127,78.0,178.32263965104826,238.0,0.9171506000774293,0.7518440163184141,58.76980441817926,52.66357112705783,1136.24531440178,7107.0,374280.0,24186866.0,1773320190.0,417677.0,23806245.0,1635155109.0,125419568367.0,29281807.0,1746749013.0,123412807245.0,9652064247831.0,2244405047.0,137673133665.0,9872572683861.0,779394583128939.0,7107.0,7.128164725145325e-11,4475944.598564796,28114998.613808528,-2.340811988688074e-10,1809882.6023638688,23067962.368862145,2498497728.4829297,4735011.40002814,-8068405.794859347,2473584406.005841,19883432746.64328,-33032411.195878472,2143878942.8761046,12918090110.40027,2190485656477.0312,0.18236104691209237,0.005162195372252675,0.0007274484297834057,2.7640218033442432e-05,-3.0964512449194773e-09,-1.664658759168688e-06,-2.4027570324237656e-09,72,1.5166658466941305,3.195974013272438,4.847224632852281,Crystal,../Images/Training/4 nM 5.bmp,72,101.8249462716967
72,402460.9895999999,715.8416355395703,-1.0642403880412517,818.383071496508,697.6814535761911,3804.7341308663854,92.0,187.91295811518324,251.0,0.7137963251323575,0.5227075237805752,45.9912739965096,68.41121291448516,1115.974473946425,4584.0,313597.0,23498531.0,1899104569.0,210824.0,14169394.0,1043764184.0,83014903666.0,11425024.0,750543704.0,53759821206.0,4149767015048.0,687496826.0,44236218808.0,3078231045230.0,229775971823488.0,4584.0,-2.873434823413845e-11,2044979.8636561958,11742455.864532353,2.3241852886712877e-11,-253331.5514834204,-2301756.3234964,-298090626.958304,1728959.6509598598,-7753963.82463322,424983363.7589543,-1090147695.2718275,3011302.726892849,-118890280.25312297,306607436.2144456,-108417780503.865,0.17959974573027626,0.0008075585277802056,0.0006539548014983547,8.108226833955556e-06,4.0955517862533016e-10,4.7034037221555216e-08,4.252798680812383e-10,73,1.1730039078746066,4.649087039287102,5.453397265132955,Incomplete,../Images/Training/4 nM 5.bmp,73,81.155910908699
73,481653.7933999999,783.1096070337663,-1.1585571888028388,1068.8981512161738,848.1553396407982,6000.872160459565,51.0,189.03955523149835,251.0,0.6379069767441861,0.6085889665150211,54.95133065986147,56.768683922712356,1276.2820556992879,5486.0,311433.0,21876341.0,1700169405.0,301463.0,16506980.0,1112479990.0,82006883678.0,19640451.0,1088565576.0,73341467746.0,5349773794722.0,1419730877.0,81022683530.0,5534165684032.0,405829124804948.0,5486.0,2.7711166694643907e-12,4196699.459897921,-18203892.929598786,-1.864464138634503e-11,-606677.7613926358,-20773461.760009956,-2016450032.4045455,3074658.0052861827,40278521.622022666,2654054876.248432,66996056609.638695,2548862.361250937,-717783746.4819716,-35313111010.04487,-2834622228767.4785,0.24160387130599842,0.0030153079048028542,0.0047372604204883,0.0001649036728581901,1.1737345241361434e-07,7.692050253260853e-06,8.640943178485555e-08,74,1.2602622435518267,5.614072915770204,7.075204128292102,Multiple Crystal,../Images/Training/4 nM 5.bmp,74,102.97334948362928
74,339686.2060999999,657.6487743526773,1.3821409912831695,1073.6053861190128,544.4267067962436,4006.051217343,98.0,184.4011372447661,242.0,0.6185451638689049,0.861886450076816,48.8730938226932,68.47324890152494,1177.9770814833369,3869.0,264923.0,21231797.0,1871411135.0,189090.0,13382021.0,1117606789.0,102432407225.0,10140708.0,741773355.0,64148319379.0,6062545735263.0,579966978.0,43905715505.0,3914193383629.0,379046660182769.0,3869.0,3.643663148977794e-11,3091658.481261307,-5790787.019482787,2.2012613953847904e-11,434414.3652106491,20451656.283690527,659214097.9811976,899294.6890669425,4943784.020583328,726893049.1468588,12614084990.826063,-3543422.9385722997,355738724.07341164,6644872224.166057,469802045482.4954,0.2666116805296068,0.024818935514678696,0.005348726192917123,0.0003305911926229618,-4.341623526952022e-07,-5.009315320476957e-05,6.895754910101248e-08,75,1.9719925064602293,3.731400074122687,7.358292984775083,Multiple Crystal,../Images/Training/4 nM 5.bmp,75,90.8414263194518
75,560583.2064999999,844.8412316111458,-1.4435649340464425,1063.5552874580433,811.632990733843,5771.663775377898,58.0,179.4167580266249,245.0,0.7534812367240973,0.6462427326744752,49.066718872357086,55.739389193422085,1114.360513298995,6385.0,355896.0,24944260.0,1963554792.0,313291.0,17192396.0,1194237480.0,93043224794.0,18400935.0,984301882.0,66759179686.0,5080165537048.0,1184238055.0,62267991176.0,4129046564292.0,306528946864814.0,6385.0,-1.1823431123048067e-11,5106834.343617854,3873321.667589653,-1.063540366885718e-10,-270252.9797963975,431959.1441248647,-855267257.6466839,3028773.5777603765,-14834141.51968888,1862583784.1521266,-20847326061.79842,-15859412.969499106,394810214.5386085,-13792103713.084183,162139438232.1076,0.19955757017574913,0.0027739769058081226,0.00024825412089686907,3.374857810573442e-05,2.5084675306784375e-09,-9.88653616918248e-07,-1.802805271653466e-09,76,1.3103894242845195,5.426764215683134,7.111174436316853,Incomplete,../Images/Training/4 nM 5.bmp,76,100.9623726176107
76,71730.06729999998,302.2078063731554,1.4410721233271684,474.5135701789178,212.60878007871486,1382.1084634320769,130.0,195.99877600979192,251.0,0.8235887096774194,0.8940053575717478,14.578947368421053,24.949816401468787,503.7192084882211,817.0,20384.0,637780.0,22495514.0,11911.0,310603.0,10142307.0,370613467.0,201691.0,5413901.0,180371817.0,6702270761.0,3697861.0,101534149.0,3423509265.0,128433078529.0,817.0,1.6697754290362354e-12,129202.94247246023,135840.70903640374,-1.3979928326079971e-12,13425.736842105263,174206.6088384976,4540988.404427482,28041.157894736843,-9718.64143528956,3230420.3612707667,18131526.07063466,-60202.60387811634,1137510.495804188,6157156.214709825,257014109.25549862,0.23557556808755958,0.02458739914644886,0.0010079625172809956,7.940411217370586e-05,1.3786983241917478e-08,4.389538671901101e-06,1.7735541750497095e-08,77,2.2318625317507443,2.9126848003755628,6.500712072758116,Incomplete,../Images/Training/4 nM 5.bmp,77,39.2392904245259
77,85953.16509999998,330.815611482394,1.5505307954290781,382.3369794423246,316.2288164832804,1503.918463432077,107.0,193.6455566905005,240.0,0.7991836734693878,0.5620628722140937,18.15730337078652,22.824310520939733,441.28621573758676,979.0,22345.0,611873.0,18656797.0,17776.0,406377.0,11382687.0,357178989.0,392470.0,8990569.0,254692951.0,8107860001.0,9515866.0,218399571.0,6217050765.0,199235252631.0,979.0,-5.684341886080801e-13,101863.78140960164,41276.49316129045,-2.3732127374387346e-12,652.0561797752798,242957.84915816385,766765.4264655507,69705.77528089893,9032.686104830742,6336635.906309026,11133643.169654941,-141668.6708748899,69538.23532807807,9443606.898959512,102282302.56613737,0.17900899136253623,0.001127615664047795,0.0008429103831024851,1.422245085668272e-05,-3.156235285993814e-10,-2.7292007953270665e-07,1.5249074150060655e-09,78,1.2090516724383955,3.933489419793208,4.755791961519711,Incomplete,../Images/Training/4 nM 5.bmp,78,37.443269359811296
78,239948.92769999994,552.7318187552065,0.2106035272652414,645.0114106535987,494.99398240883045,2171.519132322205,105.0,181.2253933406513,239.0,0.9037698412698413,0.6411459648656279,31.0117087449689,29.06476399560922,691.7319603719347,2733.0,79434.0,2799966.0,109542234.0,84755.0,2531404.0,89062702.0,3437715718.0,3423279.0,103955658.0,3608583468.0,135876662256.0,158871755.0,4883959426.0,167546190700.0,6173782488256.0,2733.0,2.0463630789890885e-12,491235.5367727771,-393406.8708443326,-3.743139131984208e-11,68019.9275521406,-1722994.3704183938,18477490.869021803,794881.6253201608,240033.40967313058,91973009.4594352,-136966933.35596418,3408748.796918953,47808208.073759586,-384042423.2573407,12463450423.67817,0.1721873610852302,0.001984356287639698,0.0004906867752459825,1.8791897658150943e-05,1.6611524117799957e-09,6.896281589093022e-07,7.04848657991087e-10,79,1.3030691959419909,3.3666367702267097,4.38696066920806,Multiple Crystal,../Images/Training/4 nM 5.bmp,79,61.357187539582284
79,251801.50919999994,566.2187200520968,1.2625244657479158,819.1222197854058,511.18181872647096,3236.265155245,77.0,178.78033472803347,252.0,0.6491625169760072,0.7813760281639487,38.78451882845188,50.90760111576011,944.8844776479291,2868.0,146003.0,8725531.0,586058771.0,111234.0,5904458.0,366062408.0,25335308660.0,4924648.0,267977404.0,16848250642.0,1175994173746.0,235314708.0,12951494888.0,815030997770.0,56758553345162.0,2868.0,1.5859313862165436e-11,1292868.5142956763,10229250.087021166,-2.4726887204451486e-12,241801.8974895399,3027777.5493966034,262940868.02805796,610490.8326359832,-1480952.5114026915,147070387.19097006,841240190.559312,-3040581.4654330234,53318226.711977154,6581612.87874467,52764756127.92449,0.23139954207000873,0.010339000070273276,0.0018669156242764541,0.0003944139706704715,2.599502888805152e-07,3.265239684906248e-05,-2.1673088775563134e-07,80,1.6024087512073881,3.9508941121055647,6.330947300331701,Incomplete,../Images/Training/4 nM 5.bmp,80,72.8644707196469
80,132836.70969999998,411.2577680513098,1.3961679003335032,463.72316212711644,391.9022029460071,1896.2409039413592,98.0,189.083939193655,242.0,0.7855659397715472,0.5345749908429028,23.136814276272307,25.538003965631198,520.6888007245786,1513.0,38639.0,1216375.0,43030769.0,35006.0,905308.0,28745140.0,1023040366.0,977348.0,25191890.0,794323138.0,28089787160.0,30293888.0,774952366.0,24089714506.0,840440059816.0,1513.0,-2.1600499167107046e-12,229612.06477197612,239311.78489836192,1.694644424787839e-12,11324.63317911435,23680.48062419173,3473773.3264210057,167420.67944481166,-291658.96902587835,21028295.70116765,-44014923.70475376,-65993.49193004153,3364470.2670642827,-75852729.04293336,1027033616.2206537,0.17343968235494528,0.0008359754398257603,0.00015897173316201547,5.714297731344256e-07,1.8481317085462813e-12,8.782806384713343e-09,-5.1231787526846555e-12,81,1.1832624533396772,4.089165818768309,4.838556378828539,Incomplete,../Images/Training/4 nM 5.bmp,81,45.81827053942846
81,207025.09019999995,513.4126328743811,-0.915195583219863,666.347675678816,467.593627660659,2613.573895815154,73.0,185.70441051738763,249.0,0.7683284457478006,0.7124467201218386,32.57167090754877,31.30534351145038,689.0614161306668,2358.0,73818.0,2915622.0,131322702.0,76804.0,2221557.0,84837561.0,3791612109.0,3009250.0,81050067.0,2939781131.0,126973558323.0,130520680.0,3307831179.0,113228154567.0,4658554851231.0,2358.0,6.536993168992922e-12,604724.1526717559,2185959.0823378586,7.901235221652314e-12,-182818.60305343525,1317279.0629333972,-72001196.0329229,507615.38761662436,-1246123.2129635015,86947450.71737617,-778373572.717446,-563383.3846541236,-74534291.28689666,450724036.0533417,-24809384730.007465,0.20005516748937266,0.00462942640207924,0.0007611245091429545,1.9913287366208117e-05,4.722964744804321e-10,-1.2028607060785055e-06,2.405634232690086e-09,82,1.4250572211869328,3.922237581383737,5.589412988561664,Multiple Crystal,../Images/Training/4 nM 5.bmp,82,61.43159349650249
82,409309.1477999999,721.9062217496185,-0.7453219918488856,931.8285545824691,660.7097767230404,4756.983028137359,64.0,170.6113256113256,240.0,0.774032873983065,0.7051617251103821,45.71128271128271,44.283140283140284,1040.4497955211486,4662.0,206448.0,11250016.0,679453692.0,213106.0,8722842.0,452340686.0,26477822766.0,11963928.0,460746238.0,22674831718.0,1273931501002.0,757913794.0,27713488122.0,1294535963186.0,69537412260078.0,4662.0,-7.275957614183426e-12,2107850.254826255,-5416801.776220787,1.502797886132612e-11,-714160.8931788931,1338598.1522934977,-557307963.0643016,2222579.3865293874,-3763642.982504849,802696003.9580228,-4508959984.167552,7833389.482740668,-856428557.4795218,6523137087.361742,-590083438164.6211,0.199244548895082,0.004346664474476466,2.228629705020508e-05,7.647086741325223e-05,6.510206211894596e-10,5.025105711235078e-06,3.089059526150018e-09,83,1.4103447344219906,5.104998129477641,7.199807231142903,Multiple Crystal,../Images/Training/4 nM 5.bmp,83,86.20339143903203
83,212907.48249999995,520.655573377458,0.4855414080536852,705.4777298274164,465.99710404118196,3154.817478228667,90.0,166.14309278350515,229.0,0.697841726618705,0.7507898022801505,36.80494845360825,39.862268041237115,754.5613934598032,2425.0,96666.0,4333674.0,208685238.0,89252.0,3757682.0,172767212.0,8427676172.0,4038606.0,174491984.0,8086528070.0,394876528478.0,208154654.0,9060311102.0,419145717092.0,20361379014656.0,2425.0,1.2505552149377763e-12,480347.99752577324,-2360357.8522279514,1.8530954548623413e-11,199894.8527835051,-2669960.5881816945,113419787.1345164,753690.7406185567,-1210250.3906254882,138436293.0133942,-1323474270.4308329,4034870.628711404,84088860.13908778,-809049660.2011875,45731944166.63858,0.20984822840162906,0.006782423134441145,0.001749208881116082,0.00017424389319962944,-8.9674219665702e-08,-1.3935777399831159e-05,-3.4816836279142375e-08,84,1.5139101159844774,4.471888118991994,6.770036660892775,Multiple Crystal,../Images/Training/4 nM 5.bmp,84,63.80482451187844
84,212907.48249999995,520.655573377458,-1.4897157553821962,669.0823644409174,487.634441940657,2487.5497620371284,101.0,183.15216494845362,244.0,0.7858068697342838,0.6847151543066794,28.282474226804123,46.84742268041237,756.8849136427544,2425.0,113605.0,6092533.0,348344671.0,68585.0,3183782.0,170686170.0,9766480616.0,2352619.0,111098902.0,6004295270.0,344711818048.0,89580977.0,4336445354.0,236477300790.0,13618953082376.0,2425.0,3.794298208958935e-12,770431.5463917528,-9260262.24563716,-1.5276668818842154e-12,-29248.484536082593,1114694.6871931124,-49657002.20814524,412865.50515463937,2539204.3211605907,78829505.61714819,665735967.0432146,-310625.2503347843,-5450038.532786784,-16567853.404855946,-2870217198.445173,0.2012196070224495,0.0037960880451036773,0.0035561283507050353,0.0005463718149518527,7.537117789636269e-07,3.356616890028133e-05,-1.0925954726183367e-07,85,1.372098250029562,3.717852829846614,5.101259361699993,Multiple Crystal,../Images/Training/4 nM 5.bmp,85,62.47927957519613
85,253030.66579999993,567.5990219576026,1.4696935805157172,763.4171751847072,503.8653710862287,2974.2952335954105,64.0,166.89347675225537,223.0,0.7501301405517959,0.751254050125329,37.85079805690493,42.84385843164469,848.4895874434759,2882.0,123476.0,6479004.0,382829876.0,109086.0,4741428.0,251919006.0,14964730308.0,4656730.0,204594326.0,10845010440.0,637844923946.0,212855214.0,9439785804.0,497218884714.0,28850240493216.0,2882.0,7.190692485892214e-12,1188815.7362942402,3377439.6317365845,-7.673861546209082e-12,67762.85912560724,877089.299518754,-11575429.183356974,527737.8431644689,-47711.46743649583,92072626.38388047,389846030.9883159,-3356329.8927406543,34416828.97681571,369247294.479247,7359792486.112703,0.20666617939903004,0.006600984746125223,0.00024265505851402884,8.667807149109061e-05,-1.2362450511209981e-08,6.227624088979441e-07,-2.2785172905190284e-09,86,1.5151213379457669,3.8960287117928494,5.902956234486704,Incomplete,../Images/Training/4 nM 5.bmp,86,69.02822199813664
86,120984.12819999998,392.481561744687,1.2201055223553843,555.1800319538667,338.9595254198904,1850.941416130667,89.0,195.66400580551525,244.0,0.8251497005988024,0.791985548595612,20.168359941944846,26.1422351233672,622.2413751913319,1378.0,36024.0,1221720.0,48548178.0,27792.0,787733.0,28923867.0,1232631293.0,695608.0,20827305.0,798539435.0,35173169829.0,19266390.0,596919917.0,23464907811.0,1051866033677.0,1378.0,-5.400124791776761e-13,279972.1219158201,1971492.426857036,-7.389644451905042e-13,61188.00145137881,1084596.0503853846,42982208.14775588,135088.94049346878,174433.83550548632,27353506.124423604,284074889.4781157,-211927.27459286564,8032288.619057489,146870534.98223624,5399071134.996849,0.2185815786584588,0.009974878500551405,0.002839441454846549,0.0010800630724344203,1.891178886450162e-06,0.00010759807538859143,-3.0783168069825286e-08,87,1.637894764179087,3.3339481061964293,5.460656147183915,Incomplete,../Images/Training/4 nM 5.bmp,87,49.08811794243949
87,162073.07739999995,454.26627795006175,-1.551400469111218,659.4503452417068,325.60713115324603,1784.0196053363077,82.0,192.23076923076923,239.0,0.9271722752385736,0.8696008634068135,17.431202600216686,33.82394366197183,652.477714638592,1846.0,62439.0,2683245.0,128970207.0,32178.0,1080007.0,46425569.0,2242070143.0,700386.0,23388565.0,1002168871.0,48273420517.0,17022390.0,564632029.0,24067501235.0,1153512272809.0,1846.0,-3.225864020350855e-12,571311.781690141,-435755.7458837533,-9.663381206337363e-12,-8379.85915492959,220261.54688477312,375156.9319316191,139484.7627302275,-9109.560252087193,39994765.71346384,-128011032.51968016,-48954.58194286184,-3017378.809418074,27806133.54768203,-792163872.7303007,0.20858444319314418,0.016082239547448144,3.128007470269867e-05,1.0601021954530564e-05,1.9276110787441871e-10,1.0313831312267534e-06,-1.0440361857467042e-11,88,2.025294541019553,2.7053130204707303,5.479055692108488,Crystal,../Images/Training/4 nM 5.bmp,88,55.50112662889243
