,Unnamed: 0,area,equivalent_diameter,orientation,major_axis_length,minor_axis_length,perimeter,min_intensity,mean_intensity,max_intensity,solidity,eccentricity,centroid_local-0,centroid_local-1,feret_diameter_max,moments-0-0,moments-0-1,moments-0-2,moments-0-3,moments-1-0,moments-1-1,moments-1-2,moments-1-3,moments-2-0,moments-2-1,moments-2-2,moments-2-3,moments-3-0,moments-3-1,moments-3-2,moments-3-3,moments_central-0-0,moments_central-0-1,moments_central-0-2,moments_central-0-3,moments_central-1-0,moments_central-1-1,moments_central-1-2,moments_central-1-3,moments_central-2-0,moments_central-2-1,moments_central-2-2,moments_central-2-3,moments_central-3-0,moments_central-3-1,moments_central-3-2,moments_central-3-3,moments_hu-0,moments_hu-1,moments_hu-2,moments_hu-3,moments_hu-4,moments_hu-5,moments_hu-6,label,major_axis_length/minor_axis_length,perimeter/major_axis_length,perimeter/minor_axis_length,Labels,Filename,Region
0,0,199737.94749999995,504.29579944833546,-1.093797387237214,621.5763873438245,436.8160436661168,1900.397912067564,106.0,178.39384615384614,219.0,0.9554808903821924,0.7114317373945169,19.942417582417583,28.774945054945054,694.2657855605445,2275.0,65463.0,2442647.0,104715921.0,45369.0,1176322.0,39051730.0,1490650042.0,1280537.0,31500182.0,973708570.0,34463551994.0,41647161.0,992162410.0,29176066846.0,977373723490.0,2275.0,-4.462208380573429e-12,558952.7718681319,2261217.188744166,-1.3315570868144276e-11,-129168.48219780222,-2226924.5242947508,-84546162.98005149,375769.456703297,-195336.19487289077,87682934.19373298,617817518.96902,1122654.5756730814,-40435008.0830889,-461022709.8675759,-23013623892.93154,0.1806008411682509,0.0037441207172901,0.0011322524084757,9.004297419604017e-05,2.7844488990449983e-08,5.507534319230575e-06,-7.160962497034243e-09,1,1.422970599081133,3.057384338855781,4.350568024282885,Crystal,../Images/Additional/L1_2.5_5_10_nM/L1 5nM/L1_5nM_09.tif,1
1,1,331608.8912999999,649.7826973603899,-1.4319558620297477,1316.3830466909792,521.4661508654243,4476.996137536769,91.0,162.86735504368548,229.0,0.5469157254561251,0.91819203262758,24.41673285676463,67.10140323007678,1257.571294082367,3777.0,253442.0,21590290.0,2056549496.0,92222.0,5649832.0,495791270.0,49831176184.0,3058134.0,167019744.0,14729441002.0,1526007921936.0,116662400.0,5610708172.0,489590378642.0,51689256975772.0,3777.0,4.655476004700176e-11,4583976.162562879,-7371724.906678162,1.247713043994736e-11,-538393.6086841407,40880860.03554464,-1340022220.9348888,806374.0624834526,-11893712.835547358,1355257104.053217,-37145382873.272446,2614718.9492459875,-383352338.8527215,22784479917.287148,-1101455043058.8452,0.377853120933836,0.0758177519930553,0.0197851948210767,0.0029441094038424,-1.981488200814806e-06,-0.0003593100689964,-2.2382358610645235e-05,2,2.5243882934804343,3.4009828285092945,8.58540123861684,Incomplete,../Images/Additional/L1_2.5_5_10_nM/L1 5nM/L1_5nM_09.tif,2
2,2,1125292.8672999998,1196.9826139317051,-1.390698427594402,1663.6966139840492,955.404734040203,5584.206649726077,100.0,184.140750565655,224.0,0.8835045150616944,0.8186686328731884,40.495357728017474,81.0573457127253,1662.2971556553898,12817.0,1038912.0,108922672.0,13075503936.0,519029.0,39088283.0,3763379639.0,421269652865.0,29889759.0,2102737627.0,187221455655.0,19638740853613.0,2018031569.0,133407927437.0,11023622500457.0,1083951973484111.0,12817.0,-1.7053025658242404e-13,24711222.850901157,240468988.5228336,2.5001867243190645e-10,-2982830.087930092,-163922349.05217564,-9572019374.39136,8871493.973784827,-78465358.62779614,15474173750.807968,21027790515.48886,89126441.79003513,-5961510309.305569,-59169013882.52601,-13274044981045.85,0.2044292610487129,0.0106159297654656,0.0016302659963784,9.20525309778788e-05,3.2659778186178866e-08,8.301175510096966e-06,-1.4317236334148065e-08,3,1.7413527008063177,3.35650538853571,5.844859723597618,Crystal,../Images/Additional/L1_2.5_5_10_nM/L1 5nM/L1_5nM_09.tif,3
3,3,333628.2199999999,651.7581168989018,1.497345665134318,1179.7007020519686,397.390341079585,2938.308620132897,101.0,165.0663157894737,209.0,0.9387351778656128,0.9415558494829828,16.254736842105263,68.26210526315789,1188.956637939332,3800.0,259396.0,21453624.0,1948712242.0,61768.0,4460674.0,368372806.0,32734085506.0,1449184.0,108666174.0,8972315606.0,784652006106.0,40049518.0,3082396486.0,254484433570.0,21985058304214.0,3800.0,-1.602984411874786e-11,3746706.943157895,-27273505.252308,-7.347011887759436e-12,244260.28210526324,-13697648.60682992,448821912.22092426,445161.4147368423,1801050.0331168966,344898098.9724204,-2039380548.675612,2021450.1465972303,67092521.20684283,-1770464802.2126858,81191003731.2367,0.2902955926519901,0.0534202815446743,0.0036935807905119,0.0009909483442711,1.7694771385866053e-06,0.0001732872255485,6.805420741742597e-07,4,2.968619465805564,2.490723803946213,7.394011168340009,Incomplete,../Images/Additional/L1_2.5_5_10_nM/L1 5nM/L1_5nM_09.tif,4
4,4,2596066.536099999,1818.0799142298872,0.937437772255043,2630.313977543746,1496.3845164142665,8655.978614309617,97.0,177.21654435388413,220.0,0.8499525712150392,0.8224069966685129,84.4133044742805,142.8260678413203,2714.1479131580136,29569.0,4223224.0,714314054.0,131231910328.0,2496017.0,403485774.0,71456376166.0,13346018057592.0,292332943.0,49458443952.0,8848143877948.0,1645441614146202.0,40625515133.0,6992376047676.0,1249597060465204.0,2.301027330036468e+17,29569.0,-7.175913196988404e-10,111127576.46690804,-2534586759.6207366,2.5286226446041837e-09,46989480.62491114,-2263879059.683588,362666172676.95056,81635900.00601989,-227395467.3286918,273968648306.5953,-13938209077261.818,2166413241.1983795,243093504336.76395,-6886656091965.449,1533204663434007.8,0.2204710018522809,0.0126912954249363,0.0037019315780924,0.0003379084478838,1.1519516280466417e-07,1.3929779326317196e-05,-3.599473302840696e-07,5,1.7577794669024476,3.290853749099865,5.784595148746683,Crystal,../Images/Additional/L1_2.5_5_10_nM/L1 5nM/L1_5nM_09.tif,5
5,5,314312.90199999994,632.6101613528411,-1.5655981345234709,1041.4428941490778,414.23772331718345,2637.745589083898,101.0,164.03743016759776,206.0,0.9773409773409774,0.917492248241664,16.910893854748604,57.03463687150838,1115.0693690528851,3580.0,204184.0,14409604.0,1137416710.0,60541.0,3440839.0,231649153.0,17207155435.0,1461169.0,83596475.0,5514068753.0,396623133011.0,40727965.0,2354372551.0,153921039661.0,10869791241295.0,3580.0,-5.161382432561368e-11,2764043.7050279346,277720.37127176754,5.840661287948024e-12,-12094.950837988885,-10650468.474914012,-87208206.65332511,437366.575139665,668304.5366942352,301150251.35084814,728062828.3259764,1225771.681547234,7939657.022760147,-1662579587.5541306,-10486464659.725107,0.2497901345282294,0.0329599904223039,0.001876891494909,0.0001525715350761,-7.663506990413368e-08,-2.708788476148261e-05,-2.8159903697900645e-08,6,2.514118911742958,2.5327798613855794,6.367709748791192,Crystal,../Images/Additional/L1_2.5_5_10_nM/L1 5nM/L1_5nM_09.tif,6
6,6,825027.4692999998,1024.9183379204098,1.4193066180872949,1330.0752484475952,938.6411004123298,6290.743181926538,105.0,181.4655741193998,230.0,0.7621867142509531,0.7085055289385239,48.779078429285946,71.30179844631266,1396.9787017703595,9397.0,670023.0,59472851.0,5974004031.0,458377.0,33569336.0,2989777282.0,297913945808.0,28388215.0,2132171706.0,190660188572.0,18957789659310.0,1995719287.0,152758880276.0,13688552823238.0,1358720412481580.0,9397.0,-3.956301952712238e-11,11699006.09960626,65162446.0978005,-2.3391066861222495e-11,886231.5335745446,-37633385.70963457,1040857883.1098198,6029007.366819199,21581806.853932235,6763845576.412083,146922907805.19284,22789474.653935578,976190046.6446491,-28294523154.195923,588489285256.2397,0.2007620488809858,0.0045258592004786,0.0002512761653291,0.000105698805497,8.432062667462506e-09,5.695314423733317e-06,1.502099770268461e-08,7,1.4170221694567973,4.729614500584696,6.701968600312854,Incomplete,../Images/Additional/L1_2.5_5_10_nM/L1 5nM/L1_5nM_09.tif,7
7,7,807380.2923999998,1013.8976851356938,-1.0224747681680155,1341.7895624701846,838.1463480570432,4760.208105031948,105.0,180.27457590256637,224.0,0.8262353998203055,0.7809063369982076,63.13962592431492,72.38690735102219,1348.8244369820704,9196.0,665670.0,58019006.0,5571806772.0,580632.0,38832952.0,3253802742.0,306327724240.0,43212480.0,2727496910.0,219485964652.0,20032740610526.0,3518538330.0,213175305460.0,16540038673338.0,1459204110864568.0,9196.0,-3.6322944652056315e-11,9833213.383645063,-51601452.24989341,-1.1932854704355123e-10,-3197202.789038712,53375650.8045671,-6806439137.335759,6551592.720313179,3219500.0402621794,5101918800.341782,-81010308399.54607,-37211719.60001787,-3892612242.8585176,34586522848.62323,-6449082500820.257,0.1937507450233937,0.0072233252636255,0.0006492105886668,3.95664265230873e-05,6.0534309735883205e-09,3.0253757225797344e-06,1.8891630270923412e-09,8,1.6009012812388512,3.5476562332684884,5.679447409234521,Incomplete,../Images/Additional/L1_2.5_5_10_nM/L1 5nM/L1_5nM_09.tif,8
8,8,300440.9917999999,618.4928064409584,-0.2626036794820704,1054.286269632445,539.8431425539944,4043.093814553103,104.0,145.7334891876096,207.0,0.6038468325392624,0.8589579854147348,38.179135008766806,35.57276446522501,1106.3347517365617,3422.0,121730.0,5174832.0,245739854.0,130649.0,4146717.0,158779437.0,6897932301.0,7561121.0,214359821.0,7318757797.0,286994574905.0,550442249.0,14135556981.0,432698435697.0,15278836787301.0,3422.0,1.2860823517257813e-12,844559.3816481589,1570150.196358624,-5.154277005203767e-11,-500829.1046171829,-3159421.0239335736,-245754883.95713997,2573055.190239625,-16367711.423068175,646199593.7519977,-4167858394.845959,65291146.53704451,-1380385152.784651,16359038650.28354,-548926879896.73376,0.2918522678306819,0.0291047282796361,0.0173858845127843,0.0086933598366225,0.0001062782632244,0.0014806378076721,1.12868842411021e-05,9,1.9529492671605009,3.8349108121863744,7.48938626028526,Incomplete,../Images/Additional/L1_2.5_5_10_nM/L1 5nM/L1_5nM_09.tif,9
9,9,116769.87699999998,385.5853018856669,-0.4579077319739032,544.1483151244528,290.851964763718,1744.4374390534615,93.0,184.8947368421053,223.0,0.8625162127107653,0.8451630230879404,25.869172932330827,19.400751879699246,584.6309363179474,1330.0,25803.0,619825.0,16713375.0,34406.0,588098.0,12593422.0,305168000.0,1131262.0,18296882.0,367063350.0,8300515760.0,41960456.0,661381286.0,12687275494.0,271622159648.0,1330.0,9.237055564881302e-13,119227.39924812032,62101.58601616877,6.849631972727366e-12,-79404.2691729323,-359933.0639561308,-16583550.218000568,241207.23609022552,457794.1686675338,21745267.170947436,152553238.8723236,215980.2843303744,-28796007.61887073,-210897568.2661807,-6021194906.494993,0.203762018960001,0.0128153212045735,0.0008166375360924,6.992873553310281e-05,3.1777415265141486e-10,-9.063210189908104e-07,1.6707814510484615e-08,10,1.8708772195041123,3.2058124422465397,5.997681468201893,Incomplete,../Images/Additional/L1_2.5_5_10_nM/L1 5nM/L1_5nM_09.tif,10
10,10,663217.7825999998,918.9315032024356,0.0249414583996949,1525.248240493413,622.2558845430557,4360.674956457334,101.0,169.869870267408,223.0,0.8251228836701257,0.91299522812885,74.78805930632777,34.17527137940164,1486.880539552522,7554.0,258160.0,10911342.0,517476964.0,564949.0,19567264.0,848479502.0,41402567662.0,54754999.0,1961418652.0,87581376462.0,4386381649678.0,5975508007.0,222171173866.0,10203226389248.0,522722509485916.0,7554.0,-1.8971491044794675e-12,2088653.940693672,1818259.554811096,-1.3167777979106177e-10,259978.609478422,14671730.328845762,286313285.44698125,12503559.682949431,51265110.4680368,3591490769.565592,41001301442.978165,10253968.25282054,2092132683.2005625,71103799703.91815,1805966047588.849,0.2557214850997643,0.0333951863653955,0.0009853517268944,0.000139818382574,-1.826597928806887e-09,-1.5318587991274148e-05,-5.18648209215227e-08,11,2.4511592069771364,2.8589935990004283,7.007848482878599,Crystal,../Images/Additional/L1_2.5_5_10_nM/L1 5nM/L1_5nM_09.tif,11
11,11,1328015.9093999998,1300.3393295157648,-0.7144313574750462,1800.5600624759795,1323.5373078323714,9361.069084412076,100.0,179.13856935078672,222.0,0.6590562502723193,0.6779914477005783,101.3513156154965,103.88483406055798,1930.9021610117895,15126.0,1571362.0,188991528.0,24410324248.0,1533040.0,151316884.0,17568445560.0,2212206990064.0,183396410.0,17749596734.0,2010375289274.0,246782580061250.0,24050636896.0,2320013263498.0,258025855878042.0,3.0916598291336176e+16,15126.0,1.6757439880166203e-10,25750847.380933475,-573274291.3053566,-2.268620846734848e-10,-7942722.008197806,64162272.638598,-24652980620.184464,28020789.10881927,307501764.0459562,24251435251.233147,178647753722.51114,-216718218.1854121,-27215238185.32991,-606573294948.8291,-46858962943903.59,0.2350201298634978,0.0049190449773812,0.0030371024657798,0.0001185997414938,-1.8265273798198235e-08,-7.703931621378241e-06,6.879615100142706e-08,12,1.3604150421908805,5.198976296041754,7.072765557129028,Incomplete,../Images/Additional/L1_2.5_5_10_nM/L1 5nM/L1_5nM_09.tif,12
12,12,313083.7453999999,631.3720024336488,-1.481613579303161,652.3357455139654,637.0652767974625,2482.232320072026,105.0,174.28351093662366,214.0,0.903242147922999,0.2151042603315827,35.415591699383064,32.971676948962426,736.0073865118475,3566.0,117577.0,4956565.0,236177743.0,126292.0,4159625.0,178386487.0,8699366879.0,5503370.0,179953099.0,7719558641.0,378274152589.0,266195146.0,8586549029.0,365389644811.0,17847166800155.0,3566.0,-3.893774191965349e-12,1079854.1393718452,1542279.3727294132,-2.744116045505507e-11,-4434.025238362263,3139199.2240330405,38939481.62063216,1030664.0931015146,-1188171.515758132,258959011.79326195,-366556846.7907684,-1713116.2916300946,-47427621.98506512,1259543981.707152,-8967122651.434998,0.1659687910965499,1.5449689269417222e-05,0.0002600781618952,3.7442690643237994e-06,-1.116240839259048e-10,-1.4022879530047613e-08,3.453026434481369e-11,13,1.0239700220254788,3.805145336802467,3.8963547543357695,Crystal,../Images/Additional/L1_2.5_5_10_nM/L1 5nM/L1_5nM_09.tif,13
13,13,177261.94109999997,475.0756920586815,-0.9327108233994896,503.4617015169288,459.0687928971864,1828.434486354872,112.0,183.9618623080733,217.0,0.935155164427976,0.4105798294361167,26.786032689450224,23.789995047053,529.0524711217215,2019.0,48032.0,1485200.0,52369472.0,54081.0,1257203.0,38565273.0,1357390589.0,1773301.0,39887215.0,1187125961.0,40794572389.0,64828995.0,1409905085.0,40442135883.0,1346098142699.0,2019.0,-5.115907697472721e-13,342518.95789995056,739522.7321937379,-1.8189894035458565e-12,-29383.722139673104,180734.45796213797,-8388440.708020011,324685.5661218427,-725460.3233921141,37480177.75345619,-163854813.43751448,-64779.93009942066,-10832056.358563624,66085378.82992416,-2255821151.2491474,0.1636765055945224,0.0002269787657184,0.0002644156896588,4.066631067894164e-07,-2.2659566304930906e-12,-3.128901869428144e-09,-3.556386988129177e-12,14,1.0967020832315315,3.631725076298363,3.982920456900607,Crystal,../Images/Additional/L1_2.5_5_10_nM/L1 5nM/L1_5nM_09.tif,14
14,14,283671.7838999999,600.9843034448132,-0.2422256030490102,857.8009125918854,506.8439302846484,3156.377791630308,101.0,176.07582791705354,226.0,0.76113074204947,0.8067709628672145,47.33147632311978,32.33395233673785,939.8535050208624,3231.0,104471.0,4032201.0,173875073.0,152928.0,4688254.0,179822686.0,7854716350.0,8867360.0,253125194.0,9431274550.0,408172653914.0,572589336.0,15095917294.0,539279769442.0,22845127781770.0,3231.0,-9.947598300641405e-14,654240.66542866,1189705.068401406,-6.473044322774513e-12,-256512.6629526462,5560796.273801244,-109915096.61001223,1629051.988857939,-9309355.5264486,340809589.52633375,-4781440238.70916,-1326775.168100818,-372310550.5624377,6553039167.755145,-183043905410.27164,0.2187195800860415,0.0111346047677988,0.0033289519086769,0.0002381483530903,8.744914851645806e-08,-3.133507066404719e-06,1.931712389854699e-07,15,1.6924359972312113,3.679615800469558,6.227514236695418,Incomplete,../Images/Additional/L1_2.5_5_10_nM/L1 5nM/L1_5nM_09.tif,15
15,15,585780.9167999999,863.6199556639356,-0.7981672826120608,1540.2603401100976,657.2318417403467,6033.757749543462,103.0,180.08603117505996,226.0,0.6166928551622146,0.904392383740934,65.83363309352518,59.78102517985612,1612.6202832657166,6672.0,398859.0,30621653.0,2700881727.0,439242.0,21651665.0,1441437127.0,113894584205.0,35459006.0,1497854747.0,87882118293.0,6195281738675.0,3218265114.0,120898668491.0,6417968349985.0,408426281012195.0,6672.0,9.080736163014079e-12,6777453.077787767,59961731.76113542,1.5683099263696931e-10,-4606672.06205036,-23714384.24569992,-10271689161.692385,6542109.332733812,-15373066.908236176,9266370668.845695,10175883758.989157,22488272.19704279,-8559445289.774386,8847753379.502447,-19525384040281.98,0.2992112247819006,0.0428641003605377,0.0015142028453583,0.0001504863187608,5.7590096651884834e-08,2.5060136642441533e-06,4.293812644286713e-08,16,2.3435570863875004,3.917362274686739,9.180562118789164,Incomplete,../Images/Additional/L1_2.5_5_10_nM/L1 5nM/L1_5nM_09.tif,16
16,16,1555848.8648999997,1407.4687564638853,-1.4914842326378006,1830.6085864212632,1139.7986054097807,6755.362000847103,103.0,176.7818407539078,227.0,0.8775813400683405,0.7825134313135091,65.82207550363975,95.22143219908584,1837.4042004142689,17721.0,1687419.0,202790615.0,27336293577.0,1166433.0,109024953.0,12942339801.0,1722644398299.0,93328263.0,8665650073.0,1017532725849.0,133753703340463.0,8312145855.0,771588216147.0,89900578258167.0,1.1700956495005572e+16,17721.0,-1.7143975128419695e-10,42112161.10005083,6320194.275649764,-4.1583803067624093e-10,-2044467.8242762843,-16405062.334467417,-16388528573.300323,16551222.004062977,47941436.47560071,33146942647.51676,350348055600.8854,-9785687.66742168,-2799780994.124874,-17258797556.58637,-26725509008589.09,0.1868059280404553,0.0067947644030856,1.1708691857132764e-05,2.0772988948894613e-06,5.891399002960878e-13,1.2636203874237677e-07,1.0227827198251705e-11,17,1.6060807389417031,3.690227419971549,5.92680318153084,Crystal,../Images/Additional/L1_2.5_5_10_nM/L1 5nM/L1_5nM_09.tif,17
17,17,8428.502399999998,103.59296577748523,-1.3806344217063793,173.16408142053976,74.09413379193991,463.7342121284359,154.0,188.36458333333331,206.0,0.768,0.9038336751346512,3.9895833333333335,9.28125,181.93249105093895,96.0,891.0,10259.0,131277.0,383.0,3244.0,34070.0,397876.0,1963.0,16158.0,160380.0,1740894.0,11597.0,95302.0,912584.0,9373186.0,96.0,0.0,1989.40625,-867.697265625,-2.753353101070388e-14,-310.71875,-1091.418619791667,-15177.91177368164,434.98958333333337,418.1829427083333,6586.767927381727,16437.484488169353,294.59353298611086,-2500.861887613932,-10524.890935120762,-96881.69602342116,0.2630637839988426,0.0329947264402573,0.0021144458869594,0.0001026516276462,-2.5662094032459013e-08,-1.487840673097006e-05,4.035596630222673e-08,18,2.3370822028474385,2.678004631931887,6.258716964431018,Incomplete,../Images/Additional/L1_2.5_5_10_nM/L1 5nM/L1_5nM_09.tif,18
18,18,395086.04999999993,709.252551939867,0.3640186119707927,1227.4704603549308,510.3921626633296,3996.852594298462,105.0,179.7391111111111,220.0,0.7407407407407407,0.9094523748498584,63.529555555555554,31.532666666666668,1163.7298580426643,4500.0,141897.0,5814909.0,278607831.0,285883.0,10342818.0,457249098.0,22867323144.0,22482527.0,864078162.0,39162946590.0,1980600079572.0,1948479769.0,76676619648.0,3491913028044.0,176472569801826.0,4500.0,-6.30961949354969e-12,1340518.1980000003,10708016.809730658,-9.305978210250032e-11,1328164.6553333343,4069366.9238515296,820719015.7668468,4320507.06911111,-13611288.23118192,1096762196.557886,948945943.3905644,-28784966.82630736,1748578566.5318727,-8351170444.644775,910517607768.2208,0.2795568033141289,0.038863390528646,0.0023503176764954,0.0003356073029435,2.544009970897168e-07,5.8245488259727634e-05,1.5531462740522848e-07,19,2.404955542322087,3.256170085871352,7.830944294759693,Incomplete,../Images/Additional/L1_2.5_5_10_nM/L1 5nM/L1_5nM_09.tif,19
19,19,482092.7778999999,783.4663930593997,0.6121389395636504,1202.3405069537753,670.3965555360624,5837.929481987411,103.0,171.592970315061,223.0,0.6630041052885777,0.8301257038625219,62.751229284283376,52.55108359133127,1221.4829178502662,5491.0,288558.0,18206556.0,1298315238.0,344567.0,19938637.0,1327573529.0,97580511469.0,25987021.0,1558036957.0,105361119209.0,7785089709973.0,2155378541.0,130481596003.0,8812803677651.0,647025931267807.0,5491.0,-1.7855938949651318e-11,3042520.421052632,21765501.783607617,-1.0434320074637071e-10,1831267.78018576,-7380453.422452114,2101409430.051053,4365018.179202333,-37437764.57139549,2319922855.209067,-38161179326.54044,-23159485.37286828,2628873787.5385194,-50110123816.232834,2859337535250.6987,0.2456806971615699,0.0166795429018285,0.003601538172375,0.0002360486335577,2.1548959734445826e-07,2.9331590630184315e-05,3.054579513832159e-08,20,1.793476558053554,4.855471015260283,8.708173444177808,Incomplete,../Images/Additional/L1_2.5_5_10_nM/L1 5nM/L1_5nM_09.tif,20
20,20,1017566.0709999998,1138.2466169411566,1.1430694794221363,1318.3051596674804,1091.5249461013798,5037.151096905744,100.0,177.84339948231235,222.0,0.8704468644386031,0.5607636332980053,54.46609145815358,71.84227782571182,1467.9832800478346,11590.0,832652.0,73382708.0,7232222570.0,631262.0,47053134.0,4136440936.0,405098776554.0,44988150.0,3338809210.0,287004560408.0,27529578404434.0,3675850634.0,267202126680.0,22276149707410.0,2077130754128028.0,11590.0,2.3626967049494846e-10,13563091.683865402,11434872.405195003,1.723776676954003e-11,1701834.0151855082,-104955613.63938572,7457538191.136734,10605776.173943058,-78626455.40017805,10664545892.519262,-157604166032.23505,70211591.41749105,822318092.0009655,-144431543239.0667,7891970330444.661,0.1799241399067541,0.0011267251033061,0.0010015269230472,2.736022955755023e-05,3.4346167700045972e-09,9.138967405816156e-07,-2.952297565247059e-09,21,1.207764572285861,3.8209295169384583,4.614783303759599,Crystal,../Images/Additional/L1_2.5_5_10_nM/L1 5nM/L1_5nM_09.tif,21
21,21,1229.1565999999998,39.56021726169133,-1.325817663668032,44.2336594526321,42.83428571428572,124.08354323830768,164.0,173.85714285714286,181.0,0.7777777777777778,0.2495417044725433,2.2142857142857144,2.4285714285714284,50.458994242850295,14.0,34.0,102.0,334.0,31.0,75.0,231.0,771.0,87.0,215.0,675.0,2279.0,271.0,699.0,2247.0,7695.0,14.0,3.1086244689504387e-15,19.42857142857143,-8.081632653061217,-1.7763568394002505e-15,-0.2857142857142858,6.530612244897957,-11.096209912536438,18.35714285714286,4.9795918367346985,19.65597667638484,7.937109537692642,-2.938775510204088,11.981049562682214,12.640566430653896,8.552299637055995,0.1927842565597668,3.83821791940432e-05,0.0019291955735208,4.187977545600792e-05,-2.712394446759527e-09,8.747380084075676e-08,-1.1590912790349834e-08,22,1.032669477616144,2.8051837621796443,2.8968276503073427,Incomplete,../Images/Additional/L1_2.5_5_10_nM/L1 5nM/L1_5nM_09.tif,22
22,22,276472.4380999999,593.3090604552272,0.3387667857347546,700.133617540089,540.8167506820821,2956.94417004159,104.0,171.10892346776754,229.0,0.8245614035087719,0.6350781242697223,42.08034296602096,32.02413464591934,759.2013227728202,3149.0,100844.0,3934040.0,170082758.0,132511.0,4382462.0,172207988.0,7433308190.0,6626005.0,225765374.0,8905928588.0,382700279918.0,370476697.0,12914408456.0,510462808310.0,21837235185800.0,3149.0,-1.6271428648906294e-12,704598.16576691,-1029761.7260071686,9.450218385609332e-13,138911.89393458245,-2234830.832606562,63491693.16845257,1049896.6732295963,1882377.4378117183,181728723.6889996,551484220.2722486,3292109.928658571,74642661.26458499,-314129495.3560159,31332965047.06387,0.1769321576878591,0.0019975087400966,0.000466706162825,5.95777714200633e-06,3.8770262866777175e-11,2.070877499895365e-07,-3.1175651900468167e-10,23,1.29458567371864,4.223399785359226,5.467552856512433,Incomplete,../Images/Additional/L1_2.5_5_10_nM/L1 5nM/L1_5nM_09.tif,23
23,23,491487.0461999999,791.0630461264878,0.5565756005794116,1335.892367738578,657.2855019410005,4902.308617221257,96.0,179.42961772061452,226.0,0.6231771123232773,0.8705840061328511,81.93193997856378,43.14397999285459,1382.6069230623718,5598.0,241520.0,13646054.0,902511206.0,458655.0,22205926.0,1352694862.0,93465715324.0,43185965.0,2231030164.0,141696988276.0,10057120236370.0,4324216389.0,234153307120.0,15333032083972.0,1111249443111082.0,5598.0,1.8467005702405004e-11,3225919.952125759,35408073.49645826,1.77351466845721e-10,2417723.8563772724,26026725.35218297,2651456422.3044486,5607471.069131833,-28361857.70300826,3652498296.187572,35183262232.0802,-132955469.43163998,5871227354.52549,-18622290712.89884,5437115361216.276,0.2818783153063517,0.0295845177646925,0.0107421313117877,0.0020888450674277,7.46367010112842e-06,0.0001150776339326,6.496121279260577e-06,24,2.032438512326248,3.669688318917467,7.458415867601626,Incomplete,../Images/Additional/L1_2.5_5_10_nM/L1 5nM/L1_5nM_09.tif,24
24,24,390784.0018999999,705.3804963769136,0.2973026561221512,865.5907597286582,601.7844481669205,2936.5965322004618,95.0,157.9784318130757,208.0,0.8977410246066962,0.7187875858868785,47.84610199955066,31.66883846326668,875.2302282828216,4451.0,140958.0,5716700.0,263731422.0,212963.0,7087836.0,300359594.0,14380342332.0,12458209.0,424712236.0,18291130266.0,886807991524.0,804616061.0,27722323524.0,1199662011422.0,58342635114720.0,4451.0,2.245315045001917e-12,1252723.867894855,3345553.534161774,-6.188827228470473e-11,343545.1543473378,5078430.7034410015,245697704.5918681,2268759.5798696927,-2699365.3553233314,531608975.3918358,25303552.52864506,-8563282.087526042,269148099.3313855,2359656435.4793,163349047568.213,0.1777503492945576,0.0038330033651152,0.0003991626626802,7.190550105018777e-06,2.0870661332673688e-10,2.5484447794400304e-07,3.237936938886629e-10,25,1.4383734281690248,3.3925922835879323,4.879814593324155,Crystal,../Images/Additional/L1_2.5_5_10_nM/L1 5nM/L1_5nM_09.tif,25
25,25,463479.8350999999,768.1932401659443,0.8830105016697622,1064.525029779137,609.2071200048904,4045.64318483818,86.0,167.99185451790112,224.0,0.7934766270855254,0.8200578091233544,53.178253457094144,48.47527940897897,1088.6149715119666,5279.0,255901.0,15509289.0,1044705571.0,280728.0,15013102.0,947780904.0,65171281048.0,17477488.0,991216460.0,64071550042.0,4458897195626.0,1198210590.0,70644656782.0,4637778607068.0,325115794255432.0,5279.0,-1.4864554032101296e-11,3104416.5239628726,-8086463.511506995,9.151790436590089e-11,1404733.7620761506,-13165720.605057351,1627547031.32275,2548863.2634968758,-5412230.245922954,1663280804.7469473,-12212485368.004871,-2299889.964747298,1507050409.514495,-16153161710.982918,1545320645667.271,0.2028603431266795,0.0105608708283861,0.0003536947651795,0.0001027864957049,1.4027313595530536e-08,9.990159101119087e-06,1.3686776259927229e-08,26,1.7473942684231785,3.800420912298842,6.640833719746584,Incomplete,../Images/Additional/L1_2.5_5_10_nM/L1 5nM/L1_5nM_09.tif,26
26,26,1217655.2060999996,1245.1372455513344,0.5369485581099132,1714.608885186297,999.9002788623328,7643.742787262847,101.0,178.04138726656572,237.0,0.7705856206245139,0.812353567493279,85.49578195976639,79.66169154228855,1861.9677728682632,13869.0,1104828.0,102895130.0,10569909114.0,1185741.0,102877071.0,10088197233.0,1076057289429.0,125389411.0,11288539015.0,1130779902933.0,122479637544073.0,14732208123.0,1347037609389.0,136026083441223.0,1.4815794006046236e+16,13869.0,8.381562111026142e-11,14882662.656716416,1952842.9617583123,5.663309821102303e-10,8418937.208955212,-50235924.309190266,24100930361.984997,24013557.00324465,-139760806.6508437,27775679757.90334,-372859057817.26135,-94173287.17518348,24676478225.28258,-421320024971.0255,70744725214281.92,0.2022167367808849,0.0099163540141082,0.0003520277269633,7.76512930897482e-05,1.0725998060078858e-08,6.962358558628036e-06,-7.055346474316712e-09,27,1.7147798849872768,4.45800955150908,7.644505106008921,Incomplete,../Images/Additional/L1_2.5_5_10_nM/L1 5nM/L1_5nM_09.tif,27
27,27,414752.5555999999,726.690687342207,0.8135007669357016,1224.2291526725926,520.4929658282231,4323.917987506334,98.0,166.7116850127011,227.0,0.7710135465970296,0.9051183255653464,58.74618966977138,51.49491955969518,1284.9205051286249,4724.0,243262.0,15618288.0,1115862010.0,277517.0,16351965.0,1106591893.0,81278421795.0,19162647.0,1198916943.0,83289761931.0,6210358914417.0,1442134487.0,92997037011.0,6551474159911.0,492487305514257.0,4724.0,-1.2391865311656147e-11,3091530.878069433,-6796741.985150906,-1.0692247087717988e-10,2061249.408552075,-23210761.136831008,2913878816.987454,2859580.681414057,-30043120.238842584,2685461903.8740616,-54609894933.0644,-19576946.409603987,2688369102.67295,-61878587063.43064,4102418966246.491,0.2666725499692909,0.0342337278525382,0.0040167613228412,0.0013550766986193,3.1607470627251457e-06,0.000245454957978,-6.579955216599827e-08,28,2.352057055611817,3.5319514962267204,8.307351436778772,Incomplete,../Images/Additional/L1_2.5_5_10_nM/L1 5nM/L1_5nM_09.tif,28
28,28,225813.62679999997,536.2041023545306,-0.6979303767122702,749.3924928182979,444.3835711315231,2805.3594065486413,111.0,182.1454121306376,226.0,0.7916281932902431,0.8052085294631545,31.451788491446344,27.9696734059098,819.1116589330175,2572.0,71938.0,2648966.0,113625556.0,80894.0,1934334.0,61590054.0,2339163534.0,3297174.0,70318510.0,1975617010.0,66784717726.0,155087858.0,3048849660.0,77472570384.0,2365206665820.0,2572.0,8.526512829121202e-13,636883.6345256609,3907987.606137637,1.6562751170567935e-11,-328244.7604976671,-3362866.856390989,-182028338.80276892,752913.021772939,-1254600.381261052,202954895.11166817,1483452820.8444529,4024916.50598744,-196414878.39568427,-737630782.9023684,-94873812939.39217,0.2100919122277778,0.0101561840347933,0.0022926891874053,6.644702778389683e-05,-6.055338997276737e-09,-4.126653350606955e-06,2.521816999705073e-08,29,1.6863640816201595,3.7435114888838967,6.312923313986209,Incomplete,../Images/Additional/L1_2.5_5_10_nM/L1 5nM/L1_5nM_09.tif,29
29,29,356543.2108999999,673.7691856450018,-0.5883123558657133,872.5811467189737,543.7489057281838,2817.002949786949,100.0,169.32898300911106,216.0,0.9026450322293844,0.7821023773802726,38.86899778379709,35.701797586801284,933.620706282803,4061.0,144985.0,6445619.0,325163413.0,157847.0,5013848.0,204997438.0,9767969192.0,7921823.0,228943924.0,8576526802.0,380954126524.0,454505717.0,12192262988.0,420100754914.0,17297176594316.0,4061.0,-1.27613475342514e-11,1269393.876877617,4403941.639940291,-3.871036824421026e-11,-621573.6436838215,-1154719.8020197568,-370322551.26588094,1786468.3068209796,-5559508.106840582,498375121.2400295,-546897613.5658494,7715931.052070325,-568912100.6549737,1427371321.5512047,-275638938726.2208,0.1852967427534456,0.0066652035541336,0.0005155869686718,4.0185519151611344e-05,4.9002074408234585e-09,2.21905232050827e-06,-3.073563367560832e-09,30,1.6047501659804182,3.228356423215504,5.18070550599903,Crystal,../Images/Additional/L1_2.5_5_10_nM/L1 5nM/L1_5nM_09.tif,30
30,30,407202.0221999999,720.0456356101088,-0.8731541328832518,971.9488897319596,586.3194390396342,3377.7666889012826,96.0,161.1265631737818,206.0,0.8693533270852859,0.7975589461111336,54.52608883139284,45.8096162138853,1113.808869151256,4638.0,212465.0,12033173.0,764277647.0,252892.0,10608120.0,549409094.0,31987142622.0,15743012.0,631551136.0,31043797710.0,1714865959138.0,1065715090.0,41702822790.0,1977781185428.0,105221107509756.0,4638.0,-1.8431478565617e-11,2300232.8911168594,2297038.145474834,3.8525627132912626e-11,-976765.4635618798,-17222263.88802289,-1169804023.622653,1953800.343251401,16888199.096632592,1257923633.2132826,31848656580.190865,-5755962.935546958,-1167671126.885738,-31626250129.498844,-1638444366667.1648,0.1977604264287805,0.0085067771886335,0.0020722176963917,0.0004175315519911,3.769556550794675e-07,3.610933178681599e-05,-9.348707657176915e-08,31,1.6577122043300656,3.4752513476637548,5.760966572136715,Incomplete,../Images/Additional/L1_2.5_5_10_nM/L1 5nM/L1_5nM_09.tif,31
31,31,2083157.0463,1628.6061307887976,-0.0791986419881729,2092.083723756403,1429.6912651559028,8445.405779136641,98.0,170.95157415602478,218.0,0.818595825426945,0.730061474732326,105.29662409912756,78.83251148480633,2279.819396355773,23727.0,1870459.0,182224175.0,19896035569.0,2498373.0,193845449.0,18633256297.0,2025689110649.0,336750391.0,25628325629.0,2423680206737.0,261298597235969.0,51189478257.0,3794617992047.0,350959084872415.0,3.728178826306378e+16,23727.0,1.873559085652232e-10,34771194.400640614,48645036.645269416,3.0877345125190914e-10,-3107569.2158300416,-64379187.95513206,3865822910.126187,73680148.3595904,-264120341.85796675,103783216708.2116,-419883936960.9621,214257149.86329785,-53979806059.501884,-435895787569.9716,-104435605318470.77,0.192641243499677,0.0048985774499675,0.0001161262058197,9.161382428711245e-06,-5.897322668336786e-11,-1.2544320937650245e-07,2.9294079146404354e-10,32,1.4633115377733448,4.036839292441244,5.907153512766058,Incomplete,../Images/Additional/L1_2.5_5_10_nM/L1 5nM/L1_5nM_09.tif,32
32,32,75944.31849999998,310.9586942218567,-1.4036193753878106,350.70606661846466,295.8824669621552,1290.0161012732049,103.0,166.3815028901734,203.0,0.8572844400396432,0.5368519000918252,19.94797687861272,16.477456647398842,374.8,865.0,14253.0,309985.0,7587483.0,17255.0,280737.0,6213683.0,155630661.0,398715.0,6417563.0,142563701.0,3594869027.0,10015049.0,159253665.0,3528544199.0,89001177537.0,865.0,2.920330643974012e-12,75131.8104046243,3756.3035904979697,1.2434497875801753e-13,-3581.514450867045,148137.88547562552,-129867.01496890472,54512.65895953756,-9358.19225500342,3520527.769799469,-5220819.788734868,-113343.1221891812,-933351.8780851872,15604698.298676774,-74927333.86023647,0.1732693633120543,0.0008510607238516,0.0006444976564714,2.56484359961491e-06,-8.966153694183542e-11,-5.940233235450874e-08,-5.3246373388532877e-11,33,1.1852884363821452,3.678339852263296,4.359893691971292,Incomplete,../Images/Additional/L1_2.5_5_10_nM/L1 5nM/L1_5nM_09.tif,33
33,33,4111528.826999999,2288.003735105119,-1.4900379417313787,4111.4764929658695,1617.621386336801,17866.52872018867,100.0,168.3336109331625,223.0,0.6923827547459933,0.9193500798302948,98.86931454196028,215.4833013025838,4108.058485976069,46830.0,10091083.0,2734894863.0,814149599281.0,4630050.0,959400102.0,251084630002.0,71935048236870.0,548102112.0,112855070940.0,29028144575932.0,8089711536653459.0,73001176236.0,15146643777450.0,3862718296905814.5,1.0552823049103345e+18,46830.0,0.0,560434984.4416188,-16703335739.602062,2.0700099412351847e-09,-38298357.19602808,-2807237561.006907,-1409697162491.4253,90332242.20499682,2321283043.43038,918200670882.5056,3054075139756.437,948522387.8665236,-149286100829.79947,-6972848210223.365,-5696327442949260.0,0.2967408645774454,0.0471702604587069,0.0028768151352661,0.0009337162008232,1.530249583506583e-06,0.0001852845123209,1.315575997630062e-08,34,2.5416803509729498,4.34552617551278,11.044938494939462,Incomplete,../Images/Additional/L1_2.5_5_10_nM/L1 5nM/L1_5nM_09.tif,34
34,34,911858.6033999998,1077.503797235006,-0.9834813605105548,1360.1979805280298,981.2874286834802,5709.631804971078,104.0,175.08030040439053,224.0,0.8098877105427323,0.6924875216840314,53.435104948969766,64.16522241478914,1399.6471804351268,10386.0,666420.0,54425782.0,5072727300.0,554977.0,32584453.0,2381443161.0,200206125865.0,38788801.0,2178449585.0,145875607185.0,11080129586117.0,3172798885.0,174595350931.0,11016539580327.0,771791347241011.0,10386.0,-2.8251179173821583e-11,11664794.47833622,83536628.62067668,-6.758682502550073e-11,-3025769.640092436,-138505848.23485494,-6820937793.754031,9133546.760735605,12922178.171495777,7510054040.164785,150112809711.93173,124011173.28783672,-5140954107.29972,-123600951135.78508,-8895663924067.363,0.192811113575877,0.0036979526462746,0.0024253125038681,7.872989605949941e-05,1.739906301168583e-08,3.0639795697333363e-06,2.9678661717935562e-08,35,1.3861361521291529,4.197647612117903,5.818511109055237,Incomplete,../Images/Additional/L1_2.5_5_10_nM/L1 5nM/L1_5nM_09.tif,35
35,35,2957877.5609999998,1940.6407908600688,-1.0810527328590325,2951.8744740619427,1520.7898820234625,11631.615459911718,98.0,165.50513505491244,216.0,0.7461463501063076,0.8570732125262077,141.38498070644107,141.12831700801425,3067.9274547485634,33690.0,4754613.0,846019311.0,168099847329.0,4763260.0,608508446.0,102609049334.0,19794565425098.0,762888938.0,89452848490.0,14220825813486.0,2632499765872294.0,131347281040.0,14294480998856.0,2145068307567848.0,3.7997739753996864e+17,33690.0,3.4924596548080444e-10,175008780.28557432,-694823435.3666945,-1.6880221664905546e-09,-63722421.271594,980701510.459897,-579925524531.2098,89435514.80023742,-193596789.86728668,391090693320.1987,-9947871110888.805,-1803433809.29172,-338845988135.121,7113934122445.135,-2334838158270144.5,0.2329872634280798,0.018292070974886,0.0005191783997015,3.3781732592277024e-05,-3.571644166271526e-09,-3.586749191733888e-06,-2.694191982783666e-09,36,1.941014014463572,3.940416695262103,7.648404028329975,Incomplete,../Images/Additional/L1_2.5_5_10_nM/L1 5nM/L1_5nM_09.tif,36
36,36,301143.3669999999,619.2153450126168,-0.7990148960566824,741.0531153469319,571.2618189310415,3316.000744328898,97.0,189.31195335276968,228.0,0.7834627683873915,0.6369823670906711,40.96588921282799,36.75072886297376,915.3871386468132,3430.0,126055.0,5708881.0,287778661.0,140513.0,4892025.0,212376787.0,10375187517.0,6817693.0,232704817.0,9896145259.0,476077187029.0,364694801.0,12300797631.0,513536453389.0,24334987961763.0,3430.0,1.1226575225009585e-11,1076267.8731778427,-1134134.3241591412,4.743583303934429e-11,-271930.1647230316,-1505336.0684187594,-146134881.47082356,1061453.0090379007,4429352.08934543,317225455.4906608,3362668229.591138,-1564787.8708119933,-277296224.29524696,-3427401018.3585896,-144161613589.70255,0.1817032768842696,0.0021385549901983,0.0004564644028017,4.272534664322992e-05,4.603298070119925e-09,1.9739470529901585e-06,3.796152007228264e-09,37,1.297221502976705,4.474713992365414,5.8046952105671545,Incomplete,../Images/Additional/L1_2.5_5_10_nM/L1 5nM/L1_5nM_09.tif,37
37,37,1235477.9767999996,1254.216654614007,-1.281591750107719,1508.7476114816786,1156.1139693386094,8153.052314248744,84.0,178.3013786242183,228.0,0.8074826418775464,0.6425140125867247,62.11540648095509,70.91657191586128,1568.9364822388443,14072.0,997938.0,92807592.0,10036062108.0,874088.0,59414156.0,5307352560.0,557420999108.0,68449272.0,4410116186.0,369521455510.0,36741576355634.0,6118534304.0,375702608216.0,29407208964096.0,2737815887117096.0,14072.0,1.8161472326028158e-11,22037250.05542922,328853378.8267587,2.9312730021047173e-10,-2573168.512791361,-92468161.82063894,-7477873252.067353,14154940.579874936,-124404718.14429028,14723715004.692446,-88794304770.27332,108300174.7291478,-5236169523.145785,-63653408829.218254,-8044621000491.665,0.1827692871248772,0.0022598874744022,0.0011628682390345,7.620542902083351e-05,1.6840494590277696e-08,2.6923231101809155e-06,1.5199329623224606e-08,38,1.3050163318628565,5.403854330706756,7.052118156580141,Incomplete,../Images/Additional/L1_2.5_5_10_nM/L1 5nM/L1_5nM_09.tif,38
38,38,425727.1680999999,736.2422601922781,0.2291378232358063,1195.3371428226187,593.382518104584,4581.51219963477,95.0,161.30831099195711,209.0,0.6484354105375769,0.8680857025862514,55.79191585893999,45.70694988657455,1223.2785306707544,4849.0,221633.0,11537329.0,653700509.0,270535.0,13187471.0,707282317.0,40663545569.0,19834037.0,970402529.0,51468264479.0,2915193171791.0,1691119261.0,80813751473.0,4165985068651.0,229481154303323.0,4849.0,-7.105427357601002e-13,1407160.5757888232,-2269645.267809473,-4.311573320592288e-11,822141.3124355542,-11562515.339257212,625135132.5840843,4740371.04310167,-27888484.062591262,1105840560.307668,-16895295836.862083,55591572.799129546,508372821.0308712,-10048180978.150194,631444581207.4711,0.2614546696878221,0.0249867271814275,0.0055116814236743,0.001062404349684,1.238876825323876e-06,-1.4859685556768715e-05,2.2526553768850147e-06,39,2.014446173171452,3.8328200768664975,7.721009736298424,Incomplete,../Images/Additional/L1_2.5_5_10_nM/L1 5nM/L1_5nM_09.tif,39
39,39,542409.2481999999,831.033636045082,-0.7793183407801256,1063.150402322754,701.7505845995215,3595.1030281373587,107.0,165.81142764648754,209.0,0.8738330975954738,0.7512066601493252,54.50631272256393,53.91793460666882,1137.3265703833706,6178.0,333105.0,21511637.0,1521183603.0,336740.0,16753851.0,1048330145.0,73287464589.0,21939868.0,1027874537.0,62612224499.0,4322318748191.0,1566042902.0,69901663305.0,4158446554919.0,283617643786851.0,6178.0,1.963940121640917e-11,3551303.3928455813,-21637322.25617588,-1.0606981959426776e-10,-1402474.2994496606,27047166.634243704,-1770043814.786189,3585412.253803819,-2190425.6006220314,2053643490.911742,-22682084289.23576,-20673607.39006093,-1677966304.448168,21295769238.59692,-1868322865403.9973,0.186983198840396,0.0054015999115244,0.0011770416357201,6.75986681550429e-05,1.5296683879879104e-08,2.4278451359420084e-06,1.1384054717505248e-08,40,1.5149975299692524,3.3815563821288457,5.123049566376962,Crystal,../Images/Additional/L1_2.5_5_10_nM/L1 5nM/L1_5nM_09.tif,40
40,40,973667.6209999998,1113.4236024467098,0.275559683903247,1267.8857628432618,1186.706785300127,6758.853103576129,101.0,173.26762849413888,229.0,0.7109430091672543,0.3520719041106198,81.76032461677187,70.38151487826872,1445.4420878402566,11090.0,780531.0,66169221.0,6338846883.0,906722.0,64228337.0,5393413977.0,507704584643.0,86708334.0,6110941977.0,501617229153.0,45886271281047.0,9075876764.0,633841173017.0,50766684128481.0,4506917769762839.0,11090.0,1.091393642127514e-11,11234266.810550047,100387437.35871252,-2.7284841053187847e-11,411869.0665464386,-74578949.26899154,-935307403.9107888,12574448.94283137,-59071019.65177994,8034177329.485813,37219461739.99696,-69606825.70531183,1296488674.939459,-111906066187.26517,-2326716417584.193,0.1935855237488945,0.0001636004732933,0.0006010087219889,0.0001341092853723,-3.7099518660285165e-08,7.638787822068439e-07,8.558984783925911e-09,41,1.0684069380479728,5.330806056548227,5.69547017620428,Incomplete,../Images/Additional/L1_2.5_5_10_nM/L1 5nM/L1_5nM_09.tif,41
41,41,262776.1217,578.4262697704692,0.113576684485569,1034.939106276133,366.33499176317486,2796.0938566399486,101.0,176.8443033745406,222.0,0.9080703883495146,0.9352576561098808,69.66221182759773,14.784163047109924,1134.118417538486,2993.0,44249.0,965757.0,24640721.0,208499.0,3307258.0,74866824.0,1955856088.0,16780975.0,270184848.0,6195365246.0,163473374322.0,1461819227.0,23389355860.0,536831218854.0,14193906595342.0,2993.0,3.069544618483633e-12,311572.569328433,1150132.7161952348,-1.1368683772161605e-11,224774.7888406281,943841.0378156002,50079189.9622481,2256473.4961577016,-9224440.39691421,230787170.93516037,-927018673.5529556,-21562477.46901743,432989519.8065609,-2542947433.757516,72972637791.71213,0.2866747062319189,0.0496560895796191,0.0059366702077616,0.002041495083682,6.8838926139903954e-06,0.0003949372361986,-1.7672724398153862e-06,42,2.8251167088760987,2.701698911253547,7.63261473653476,Incomplete,../Images/Additional/L1_2.5_5_10_nM/L1 5nM/L1_5nM_09.tif,42
42,42,615017.2844999998,884.909219819206,-0.1567344885423098,1242.7556917941376,704.294957616036,4806.44932528659,104.0,168.46095645967165,213.0,0.7934979610330766,0.8239102071179107,74.49664525339044,45.092505353319055,1259.2457309437264,7005.0,315873.0,16844423.0,989173233.0,521849.0,22725416.0,1204785832.0,71426347706.0,46450209.0,1987721328.0,104735890736.0,6222122007282.0,4509148547.0,191487480344.0,10039067667616.0,595909502234882.0,7005.0,1.3784529073745944e-12,2600918.05653105,-4947824.076411698,1.616484723854228e-10,-806062.8261241962,22627611.87518302,-407761909.9066925,7574209.171163456,13262982.824150238,2116204834.2946813,8095533960.941687,-79742542.21712436,-1385125949.59365,13371413103.833616,-486703063693.7688,0.2073593243063256,0.0113513618554535,0.0014107117257674,0.0001975001629051,1.032364014872115e-07,2.1035988063593343e-05,1.4492091475560554e-08,43,1.7645386756718158,3.867573777391138,6.8244835112208,Incomplete,../Images/Additional/L1_2.5_5_10_nM/L1 5nM/L1_5nM_09.tif,43
43,43,307903.7282999999,626.1271459080426,1.2162439573754364,654.8827814278366,608.1609524239275,2390.7487376585127,107.0,172.8049615055603,211.0,0.9280232865837524,0.3709415994544413,33.512688907898486,36.46079270031366,676.3296895745447,3507.0,127868.0,5715102.0,285758396.0,117529.0,4333166.0,193606686.0,9624216182.0,4879835.0,180656882.0,7974776850.0,389977346414.0,227282767.0,8435602334.0,367526500758.0,17657862753266.0,3507.0,-5.3006488087703466e-12,1052933.358996293,599676.8576344341,-4.206412995699793e-12,47965.49472483596,-1419469.3227689392,11654422.815049374,941122.1853435984,-480675.7527888566,200782222.4362237,184195807.0112864,667304.6796419872,35408505.85355759,-497753377.6684565,2654366694.228931,0.1621308724227289,0.0001434850283261,5.3594024818465454e-05,1.0931605492718443e-06,-8.341972774802812e-12,-1.2084706013781234e-08,-6.50233338469438e-13,44,1.0768247761019372,3.6506513920643617,3.931111867885932,Crystal,../Images/Additional/L1_2.5_5_10_nM/L1 5nM/L1_5nM_09.tif,44
44,44,334769.57969999994,652.8720144472495,0.8643537964456641,907.8201123813596,508.6115237404612,3379.98310648777,101.0,149.75688434303697,198.0,0.8307189542483661,0.8283196174628331,35.75609756097561,43.81799108313664,982.0636163202462,3813.0,167078.0,8911290.0,530518172.0,136338.0,6731929.0,385871107.0,24165320977.0,6223820.0,326675691.0,19318277813.0,1235262291723.0,319455192.0,17301276655.0,1037730168433.0,66947799643531.0,3813.0,-1.3642420526593924e-12,1590267.6858116975,678675.6873607577,1.1226575225009585e-11,757871.731707317,821318.8016285751,722717509.9879636,1348905.170731706,-236669.41831220555,547679713.8845952,1297299480.4775698,452507.1076739972,421965379.2947338,278469020.2650983,371916181029.9123,0.202158272470586,0.011144460503319,7.412388753993011e-06,2.255590868260283e-06,-8.503030973577116e-12,1.1625817984136583e-07,3.572277397134941e-12,45,1.7848988275079078,3.723185970865445,6.645510273991624,Incomplete,../Images/Additional/L1_2.5_5_10_nM/L1 5nM/L1_5nM_09.tif,45
45,45,207025.09019999995,513.4126328743811,-0.200923250606673,611.6436834164816,458.177062456643,2477.076453850052,104.0,134.49491094147584,155.0,0.81875,0.6624665863821703,37.62425784563189,26.544105173876165,667.3124281773868,2358.0,62591.0,2024779.0,72905297.0,88718.0,2301045.0,72874709.0,2565915903.0,3954946.0,101783695.0,3181130063.0,110319445093.0,194845688.0,5018491851.0,155668252955.0,5345291456685.0,2358.0,-4.504840944719035e-12,363356.9130619169,-130617.96179680747,3.743139131984208e-11,-53894.92281594565,-444913.1772918882,-27740929.818347324,616997.0924512299,858705.364194293,83345895.51826525,450069176.9728375,-384335.4623309605,-21558542.936401237,-338821704.53798795,-13176700445.894842,0.1763174621311793,0.0024567669569105,0.0001128921628785,1.6704917351140222e-05,7.023193160213812e-10,4.197059397813043e-07,1.8166795994777912e-10,46,1.3349504668282277,4.0498684463048,5.406373772987503,Incomplete,../Images/Additional/L1_2.5_5_10_nM/L1 5nM/L1_5nM_09.tif,46
46,46,285954.5032999999,603.3975319776022,-0.1482011546582168,705.8623872533793,529.334830170983,2380.104052515974,103.0,175.6819158735032,218.0,0.9146307217073856,0.6615373470868583,37.46085354620817,27.643844028246853,746.3132945352105,3257.0,90036.0,3149614.0,123295254.0,122010.0,3298994.0,115172036.0,4540805678.0,5714780.0,153596140.0,5331422262.0,209586465136.0,297196398.0,7942141670.0,272881795316.0,10636320921866.0,3257.0,8.562039965909207e-12,660672.8590727664,-299259.1049896157,-6.514255801448599e-11,-73831.40988639892,1266775.17748343,-13733452.949628375,1144181.2588271415,1149228.2899843308,184537986.4254125,294271804.2566532,-2608151.763278821,-91836123.69161616,88233470.55291231,-24232124419.493355,0.1701400623149372,0.0022712439612541,0.0001503582283374,6.880362196332893e-06,8.729451628519878e-11,2.2051851601858018e-07,2.0335477101677395e-10,47,1.3334894040986789,3.371909447926997,4.496405520390876,Crystal,../Images/Additional/L1_2.5_5_10_nM/L1 5nM/L1_5nM_09.tif,47
47,47,576737.8360999998,856.9278965394385,-1.107034921105722,1137.8026067054498,684.6466300767936,3754.174326742411,98.0,173.007459278429,222.0,0.8716825902335457,0.7987017790441705,48.07535393514995,59.542548333079615,1177.9770814833369,6569.0,391135.0,28570321.0,2347798015.0,315807.0,17258922.0,1202357924.0,96207077268.0,18147231.0,915359662.0,60010231752.0,4596551557204.0,1157739687.0,54641264778.0,3366791560712.0,245050065367488.0,6569.0,1.263344984181458e-11,5281146.357740905,17742471.44619011,1.0834355634870008e-10,-1545031.561424874,12819862.728700943,-2521254161.867233,2964697.6998020997,-16616838.616104327,1903555549.0059867,-16634075224.73334,247351.27465305143,-1184110655.5008495,14144042705.64561,-1676664186615.4067,0.1910893985889244,0.0080095746271536,0.0004928877638297,1.406307977070882e-05,-8.170091414638657e-10,-9.160246551994924e-07,-8.386562080764786e-10,48,1.661883016320153,3.2994952767886194,5.483375162923569,Crystal,../Images/Additional/L1_2.5_5_10_nM/L1 5nM/L1_5nM_09.tif,48
48,48,638459.0567999999,901.6159486234,-0.0452160731586662,1570.5844256567225,557.1309783500387,4472.943579501872,101.0,171.66295379537954,222.0,0.8692326081759503,0.934969372232237,76.53905390539055,23.68674367436744,1541.500275218918,7272.0,172250.0,5709676.0,219213404.0,556592.0,12679803.0,407934491.0,15332542245.0,55347818.0,1189206781.0,36391404137.0,1310645191027.0,6242650040.0,126851487465.0,3685090976081.0,126440483101131.0,7272.0,-3.426237071835203e-11,1629634.4020902093,6768307.393828785,-2.2086510398366954e-10,-504049.03520352015,-5200147.553958685,-227912597.9056509,12746792.90869087,-44643924.34873553,2357340432.467636,-14000088349.40038,55125475.43397424,-1907052026.034085,-2389200779.6858616,-686113643268.0303,0.2718586978654408,0.0445583001679546,0.0012194359816838,0.0001931090775403,6.240652735525777e-08,1.4482020742531902e-05,6.990631114676281e-08,49,2.8190577919541626,2.847948512943874,8.028531446498699,Crystal,../Images/Additional/L1_2.5_5_10_nM/L1 5nM/L1_5nM_09.tif,49
49,49,396315.2065999999,710.354976911548,-0.9592616200710306,763.2655905011364,704.9135522047183,3224.184209216795,101.0,175.96056712450155,211.0,0.832073732718894,0.3834792387374855,39.67390341160833,41.38790429774036,876.4331566639866,4514.0,186825.0,9513587.0,540182301.0,179088.0,7282668.0,375500648.0,21789839742.0,8792602.0,354454386.0,18375809246.0,1077127085772.0,479019888.0,19180403004.0,995899903244.0,58691575052070.0,4514.0,1.0800249583553524e-11,1781291.7795746562,-1012994.6830018768,5.908873390580993e-11,-129409.00487372602,8771451.282026552,-65379839.12239359,1687481.9858218874,815336.615784615,597142405.5623258,439424395.8938305,-3714949.1133673782,-131192489.0246679,5038438270.246302,-38141960104.170456,0.1702365723904768,0.0001825360817227,0.0004875365043356,1.3663303823284591e-05,-1.1151563725042654e-09,-4.91649476266593e-08,-2.8188466939343427e-12,50,1.082778999089908,4.224196989019112,4.5738717877287165,Incomplete,../Images/Additional/L1_2.5_5_10_nM/L1 5nM/L1_5nM_09.tif,50
50,50,259439.83949999997,574.742605982142,-0.2879565093580158,584.1473577865477,570.4402096961977,2245.651651181898,94.0,172.1336717428088,210.0,0.921996879875195,0.215359767738574,31.50964467005076,34.18477157360406,643.8083293185946,2955.0,101016.0,4140402.0,188580624.0,93111.0,3173913.0,130532565.0,5980727751.0,3649009.0,124025925.0,5052901841.0,229211333163.0,159438855.0,5401390407.0,217225652679.0,9712177525713.0,2955.0,7.254641332110623e-12,687193.114720812,58848.09973769249,3.410605131648481e-13,-9065.265989847718,689757.2830662993,-337316.7468669034,715114.475126904,-143327.51466618633,111779852.53525248,15226604.47953132,-606128.0071344287,-8440276.337852065,135602032.3663972,-661628348.4612967,0.1605936297534324,1.4535656919425563e-05,3.282855299804956e-05,6.271537407285576e-08,7.47997388807993e-14,1.2818269555148372e-10,-5.00292397993016e-14,51,1.0240290706323982,3.844323904316072,3.936699434946699,Crystal,../Images/Additional/L1_2.5_5_10_nM/L1 5nM/L1_5nM_09.tif,51
51,51,230466.8625,541.7005843508398,1.3989748372229107,598.5416095725406,512.9647205663825,2537.843540326667,101.0,141.27504761904763,169.0,0.840537944284342,0.5152759471073352,28.86857142857143,37.944761904761904,704.4968954509309,2625.0,99605.0,4443743.0,218907707.0,75780.0,2905397.0,131002369.0,6491515463.0,2684562.0,102989851.0,4610611559.0,225802344457.0,106002648.0,4067088815.0,179999405551.0,8670777526397.0,2625.0,8.483880264975596e-12,664254.9904761905,-119058.01629024834,-2.2296831048151944e-11,29942.942857142927,445501.119401357,-8086607.075886308,496901.65714285686,-604034.8778775512,80698119.85602893,-287142267.87366587,-186503.81583673484,22293603.261202108,-110891250.27204104,4819599705.303747,0.1685125293596803,0.0006653956009114,4.160853562037184e-05,4.733293852108772e-06,1.2780420844072676e-11,6.269742588311355e-08,6.518466143105361e-11,52,1.1668280206710309,4.240045303014296,4.947403668471672,Incomplete,../Images/Additional/L1_2.5_5_10_nM/L1 5nM/L1_5nM_09.tif,52
52,52,906239.6017999998,1074.1788016977466,1.3332555344626136,1328.3148995927024,1128.539186239913,6721.648930622898,94.0,170.62662274752955,223.0,0.7599204888463521,0.52742411527408,56.95427242782407,69.64813020732416,1424.3632841378633,10322.0,718908.0,62835726.0,6198515526.0,587882.0,41769710.0,3559223444.0,340874776334.0,43040414.0,3024775252.0,247419519630.0,22594153022896.0,3647436116.0,253094013290.0,19921469717696.0,1729741229875202.0,10322.0,5.6218141253339127e-11,12765128.008912995,43990104.52438932,1.0794565241667442e-10,824827.9174578525,-134435057.19158942,3928906214.8339286,9558022.416585922,-66864054.28307676,8768666986.258556,-216049253211.80417,107360226.46669813,2454784907.4225645,-188700081859.5056,8689438582919.925,0.2095211052163253,0.0011458244108717,0.0027361742340223,1.0721650681843366e-05,1.525466877444563e-09,1.097700388478605e-07,1.0223846011132914e-09,53,1.177021512224494,5.060282718114461,5.956061617158556,Incomplete,../Images/Additional/L1_2.5_5_10_nM/L1 5nM/L1_5nM_09.tif,53
53,53,207112.8871,513.5214874569409,-0.130731100550247,803.1361266525993,349.5319837666951,2204.1762187988206,105.0,178.69436201780417,213.0,0.9189715621347876,0.9003295065509905,42.98304366256888,25.43408223823654,799.9697519906612,2359.0,59999.0,1746105.0,54894155.0,101397.0,2465457.0,69740217.0,2145824703.0,5426627.0,130383837.0,3647972269.0,111001325367.0,321436851.0,7731273981.0,215234122653.0,6498189237003.0,2359.0,5.4143356464919634e-12,220085.4997880458,-711768.5687011097,-7.958078640513122e-12,-113482.63671047051,459962.97498221416,-28556153.49679211,1068275.3217465011,2118217.86310434,79871892.20545317,170788020.90715763,-3651543.8780246936,-88327847.17526141,-432952404.6414475,-16609192535.20081,0.231516329196356,0.0248947844660499,0.0010300651916118,0.0001665125606138,6.601855829385177e-08,2.213749944118257e-05,1.9928729174521877e-08,54,2.2977471703667467,2.74446154973209,6.306078760077246,Incomplete,../Images/Additional/L1_2.5_5_10_nM/L1 5nM/L1_5nM_09.tif,54
54,54,635825.1497999999,899.7542577073579,-0.950591024577216,1087.345995571393,761.5306408738559,4040.877396966616,102.0,148.79563656448494,197.0,0.9066099148723084,0.7137925018854019,45.04059652029826,50.9175642087821,1194.9964763546377,7242.0,368745.0,23821851.0,1745872059.0,326184.0,15139697.0,923296471.0,64969245401.0,18730310.0,806582597.0,46233732171.0,3089448190193.0,1216017486.0,49349632349.0,2675864988127.0,170283620409329.0,7242.0,3.728928277269006e-11,5046253.785832643,19035528.827573054,1.8554402458903496e-10,-1468797.7638773804,-78699.35377920546,-2229844091.175327,4038788.064623029,-14808110.16995858,2425440200.404576,-9759891955.322496,8574303.290527705,-1627064468.4710157,14647377481.3455,-2005418415119.514,0.1732247292778926,0.0035062557758167,0.0002060615476106,4.520365316690153e-06,-1.3080245267862432e-10,-2.543342541392349e-07,-4.38653655556974e-11,55,1.4278427383088144,3.7162756044759817,5.30625713540523,Crystal,../Images/Additional/L1_2.5_5_10_nM/L1 5nM/L1_5nM_09.tif,55
55,55,304479.6491999999,622.6359529681289,1.0088082767891704,733.3510557990425,565.449247201713,3127.8777132798978,102.0,159.50663206459055,216.0,0.8044537230340988,0.6367763953927987,35.29036908881199,36.79527104959631,785.7961553100142,3468.0,127606.0,5870140.0,304090462.0,122387.0,4746019.0,228040149.0,12192537115.0,5261297.0,209784261.0,10252273463.0,553421703645.0,251490527.0,10194402727.0,501841811469.0,27123975228319.0,3468.0,-1.0231815394945445e-12,1174842.6424452136,1639762.662131545,2.609112925711088e-11,242756.16205305653,3016184.2335972805,142131668.81060725,942214.598327566,-940497.302299556,261318278.96451196,-383190635.2710292,-684787.8875523905,133319145.50776042,1550488896.235787,43122949920.73561,0.1760250283671821,0.0020037290961815,0.0002285301097223,1.1809935723074198e-05,-5.539423387955508e-10,7.166037960730125e-08,2.6377916403223063e-10,56,1.2969352411878512,4.265184714122808,5.531668365921599,Incomplete,../Images/Additional/L1_2.5_5_10_nM/L1 5nM/L1_5nM_09.tif,56
56,56,747151.6189999998,975.3476237853351,0.8829906374940298,1285.7352057890248,776.2158423877174,4415.068617221257,104.0,174.8304347826087,211.0,0.8454202265050665,0.7972012777784888,57.53866039952997,59.672150411280846,1263.317872983676,8510.0,507810.0,37751622.0,3139957986.0,489654.0,32340569.0,2567470703.0,223153536221.0,34389146.0,2426946007.0,199174276097.0,17638930212727.0,2687686620.0,198247003409.0,16571065518107.0,1479752625924797.0,8510.0,-5.2708060138684225e-11,7449507.299647477,-1818720.4028164009,-1.5485568383155623e-10,3121861.86251469,22716523.964140005,5069274118.853973,6215110.7807285525,15616215.329549396,4706566136.138374,24522550873.89831,-6237070.239450012,4164734596.110096,24506538685.008766,5681826182807.942,0.1886854351261049,0.0077236153833626,0.0001770446912531,1.0350011580444944e-05,3.9478979791880575e-10,8.474246271699498e-07,2.0108278944727604e-10,57,1.6564145377836852,3.4338863844922374,5.687939328370399,Incomplete,../Images/Additional/L1_2.5_5_10_nM/L1 5nM/L1_5nM_09.tif,57
57,57,339247.22159999993,657.2236894563774,-0.5717370660592971,900.3049324399244,549.5500762453372,3360.244248392,101.0,161.32013457556937,214.0,0.7700278995615784,0.792089950677063,38.03933747412008,37.22127329192546,951.9661768151218,3864.0,143823.0,6593545.0,348024021.0,146984.0,4834407.0,198278575.0,9504528921.0,7411170.0,221504763.0,8141946003.0,348328587645.0,433954562.0,12195169197.0,412660584505.0,16017881897379.0,3864.0,6.153300091682468e-12,1240269.8113354037,10275037.385511518,-1.6960655102593588e-11,-636524.6335403728,-5150993.72169927,-513326671.50508153,1819996.0207039332,-5922470.291253551,517395394.3076952,1813226263.358171,13575679.62570032,-518174991.9134256,1080380492.5198617,-296941903790.3334,0.204967459355626,0.0087777653540308,0.0018912402691873,0.0001043930399515,-2.725063625135877e-08,-4.914209202683984e-06,-3.753667347177049e-08,58,1.638258224966561,3.732340152003135,6.114536952392081,Incomplete,../Images/Additional/L1_2.5_5_10_nM/L1 5nM/L1_5nM_09.tif,58
58,58,200703.71339999995,505.5135059284495,0.3751138240455831,566.0706861505462,509.3714510085733,2487.7782646444102,100.0,137.51574803149606,160.0,0.8214157384117858,0.4362259116392414,29.37357830271216,31.11986001749781,665.467928303085,2286.0,71140.0,2649414.0,108357292.0,67148.0,2123464.0,78516388.0,3177216862.0,2480514.0,79131552.0,2870831996.0,113292182562.0,105620144.0,3361960066.0,118998691522.0,4556103361144.0,2286.0,-7.787548383930698e-12,435547.1583552055,-1200434.0064648534,-1.8673063095775436e-11,33827.63954505681,-1411804.4000309242,27900231.76328036,508136.9641294841,-48974.08938887086,55095752.25712235,-184441010.7029905,2906969.9813065766,-8168580.520680231,-200512818.68536305,5352948691.238575,0.1805818907750493,0.0003605601429004,0.0008349349559428,6.0814470576671926e-05,-8.444417343142768e-09,-6.247234388430315e-07,1.0792693659574004e-08,59,1.11131215742403,4.394819102119673,4.884015897864952,Incomplete,../Images/Additional/L1_2.5_5_10_nM/L1 5nM/L1_5nM_09.tif,59
59,59,747063.8220999999,975.2903161309018,-0.4601590137031421,1252.8933718991077,795.6834934150445,4227.164287567206,107.0,175.17769420613467,221.0,0.8923028523489933,0.7724490134167258,65.55294394170878,40.76119402985075,1325.2837373558916,8509.0,346837.0,19091341.0,1195066525.0,557790.0,20478737.0,1072364199.0,65700472925.0,44954282.0,1504801155.0,74165979185.0,4382547764451.0,4078170912.0,125330173421.0,5778197831715.0,326506711581473.0,8509.0,-7.087663789207001e-11,4953850.746268655,13030927.281799892,2.425792899884982e-10,-2257449.417910444,4903260.126996438,-1987157307.195289,8389505.398754261,-31624145.787573498,4250931877.363128,-26104359913.84362,31371829.907829724,-5579718082.733565,42100736155.88671,-4481528019343.559,0.1842926566208269,0.00614016952781,0.0002672460691513,3.725042512940721e-05,3.716636416909111e-09,2.917852892945319e-06,1.2446995833237898e-11,60,1.5746127477418626,3.3739218215830817,5.312620310149167,Crystal,../Images/Additional/L1_2.5_5_10_nM/L1 5nM/L1_5nM_09.tif,60
60,60,113433.59479999998,380.03702267124567,1.440897708826808,517.3322779943395,351.4677380623988,2098.005194420205,143.0,183.17569659442725,213.0,0.7357630979498861,0.7337820911973214,20.212848297213625,25.79876160990712,599.2406202853741,1292.0,33332.0,1103852.0,43184558.0,26115.0,690758.0,22830942.0,882389072.0,643697.0,17014818.0,544337542.0,20178227352.0,17852955.0,468153134.0,14413158126.0,507506167244.0,1292.0,2.0321522242738865e-12,243927.67801857588,2120479.3688619654,2.4513724383723456e-12,17023.340557275525,-359413.22825868166,3332415.0675177923,115838.46671826633,-279947.8524044131,9715038.672386432,-31510462.780530345,159154.48011219336,3679505.286584345,-22855274.551374752,517152390.2425066,0.2155238145295425,0.006304104174617,0.0028595604179966,0.0009521056590155,1.567070097312614e-06,6.717285015809823e-05,1.1111095242516166e-07,61,1.4719196727595336,4.055430684808655,5.969268206482527,Incomplete,../Images/Additional/L1_2.5_5_10_nM/L1 5nM/L1_5nM_09.tif,61
61,61,1516164.6660999996,1389.403040592867,0.0799534351442642,2144.804676273443,1220.727024091677,9565.315818311848,96.0,177.4102727430656,221.0,0.6822725297301568,0.8222300192831778,105.77520412299496,84.320053274654,2021.8584176197892,17269.0,1456123.0,141343393.0,14838914857.0,1826632.0,157065499.0,15320660307.0,1610376389413.0,249519912.0,21139827343.0,2033922226655.0,211473890308621.0,38344963066.0,3184944905893.0,301593350826549.0,3.0963587214829804e+16,17269.0,8.415668162342627e-11,18563024.06555099,-209637927.07224467,-8.829772468743612e-10,3043791.446812204,-143271252.91598073,12106163364.029827,56307539.34240542,-543620253.1157534,65572641769.7482,-1926961296214.1711,40060506.235243246,22034794947.053608,-855791871800.217,71369630128760.56,0.2510595362300861,0.0164358283940744,0.001458946176561,0.0003763827548383,-2.0824285941692755e-07,-4.3815091812185424e-05,-1.8554175853563402e-07,62,1.75698959222219,4.459760799725316,7.835753308917889,Incomplete,../Images/Additional/L1_2.5_5_10_nM/L1 5nM/L1_5nM_09.tif,62
62,62,491662.6399999999,791.2043452338265,0.4878052742263196,1334.1011987142588,609.1772683424145,5089.2140887795385,101.0,168.44625,203.0,0.6591337099811676,0.8896618402433423,66.46232142857143,62.89303571428572,1383.7494686900511,5600.0,352201.0,24863987.0,1882879801.0,372189.0,25733187.0,1936472271.0,153012165087.0,30598145.0,2255543135.0,175841591107.0,14171377410539.0,2909227017.0,222699938343.0,17674853876415.0,1435852201817763.0,5600.0,-1.2363443602225745e-12,2712996.9283928573,-22149046.810854536,3.672084858408198e-11,2325090.9305357137,-8510078.856110396,1886348344.4236684,5861600.049821431,22071027.172265377,2304922488.1059246,-5599205863.003689,96452175.69804016,4517689385.782235,26569686555.58637,2545098976370.028,0.2734246485399964,0.0320686418066645,0.0041195325226549,0.0014042804176273,2.7300352863652097e-06,0.0001406227048856,1.988694503268361e-06,63,2.190004893558125,3.8147136766568175,8.354241619401538,Incomplete,../Images/Additional/L1_2.5_5_10_nM/L1 5nM/L1_5nM_09.tif,63
63,63,645833.9963999998,906.808349956498,0.4556680739140777,928.8239032422852,904.5983663671803,3883.4137362026927,97.0,166.218461120174,216.0,0.9001468428781204,0.2269000402385872,52.773382272974445,46.064165307232194,1075.3886584858517,7356.0,338848.0,19938824.0,1327602508.0,388201.0,17974063.0,1070115053.0,72282735073.0,24959255.0,1151854617.0,68011423339.0,4566178081311.0,1780199629.0,81449693563.0,4733944749353.0,313463776018549.0,7356.0,-3.352340627316153e-11,4330073.713974989,10214760.526102154,-9.521272659185341e-11,91907.96356715624,9408544.720825482,335409590.31303173,4472575.228249047,-7573219.455881911,1801780271.1871936,-3568492756.533904,-9050520.893694652,-122622484.25881356,7257217688.344476,11871581516.928392,0.1626784182389246,1.8475238577734396e-05,0.0001148746067946,3.29922343489797e-07,1.835018894610177e-12,-5.391844766368227e-10,-8.706553129296794e-13,64,1.0267804340310642,4.181001073127742,4.292970096550449,Crystal,../Images/Additional/L1_2.5_5_10_nM/L1 5nM/L1_5nM_09.tif,64
64,64,1325733.1899999997,1299.2212757170714,1.4487151999425505,1807.1647428699007,1036.355692119996,6033.539048148514,105.0,174.55695364238412,220.0,0.8450861875979404,0.8192262024317158,61.09609271523179,85.96854304635761,1791.8272338872405,15100.0,1298125.0,146353865.0,19012318399.0,922551.0,82158141.0,9423120971.0,1241731640091.0,68258699.0,6100058897.0,694887299747.0,91356685394651.0,5625606519.0,498058603371.0,55756503535577.0,7248602676202066.0,15100.0,2.2967583390709478e-10,34755950.05794704,454653078.3993419,-2.8958879738638643e-10,2847775.644039744,-8166580.354514775,19119249545.269703,11894437.569470204,-116017935.8307286,21796259490.95089,-11602167304.715223,1859395.195125637,3808180390.231504,-131517002919.122,21591541224435.76,0.2045979896821071,0.0106771192867856,0.0008216697478351,0.0001461268246034,5.0620712489331696e-08,1.4505378359105911e-05,-1.1666829501407939e-09,65,1.7437688205032362,3.3386768262017124,5.821880551267249,Crystal,../Images/Additional/L1_2.5_5_10_nM/L1 5nM/L1_5nM_09.tif,65
65,65,545657.7334999999,833.5184486157224,-0.5132541385528993,1253.748330744966,678.1951430926923,4520.079207760975,108.0,183.46210780370072,221.0,0.7785293749217086,0.8410650213062257,62.49139179404666,50.27176186645213,1226.181843161935,6215.0,312439.0,18927869.0,1264213993.0,388384.0,17420437.0,974163709.0,61571637805.0,30039034.0,1280754769.0,68643070621.0,4200319733893.0,2544481300.0,105841811779.0,5532224442751.0,331640682780115.0,6215.0,1.899991275422508e-11,3221009.994207564,-11175024.803931285,-8.242295734817162e-13,-2104310.9607401444,2909670.517197164,-1915317046.715596,5768377.289460981,33642246.461979255,2845359661.4012914,24841524343.855305,-53647593.23186284,-3727696961.035749,-32518077912.003017,-3002810845401.042,0.2327275648518214,0.0162210574730332,0.001774851660038,0.0003320625826373,2.504541087673986e-07,4.150858340997249e-05,4.752946956311708e-08,66,1.8486542457789463,3.605252423407164,6.66486519963649,Incomplete,../Images/Additional/L1_2.5_5_10_nM/L1 5nM/L1_5nM_09.tif,66
66,66,920199.3088999998,1082.4205047621035,1.515598546250217,1589.5106694063993,817.0170061935705,5701.2035374150255,105.0,179.5708424768629,221.0,0.8029571745958783,0.8577869714427454,44.457017460166014,82.33575040549566,1591.576626744688,10481.0,862961.0,89861153.0,10445813741.0,465954.0,39128734.0,4072861456.0,470037057334.0,25737560.0,2184598310.0,226930956472.0,25979200928774.0,1600213236.0,137047255798.0,14234355976864.0,1619453494453186.0,10481.0,-1.2815348782169167e-10,18808611.49432306,-50214006.49909747,-2.2453150450019166e-10,764061.7555576772,-47916587.91161329,1943951255.33191,5022634.886365805,-2458819.8214141843,8755938704.060337,-84559086308.05797,9415348.019522527,1090098112.254208,-21610303520.23325,1641615621549.7532,0.2169408386363903,0.0159429175964446,0.0001999927855838,3.365633293226068e-05,2.285942982456011e-09,1.7281582852981245e-06,1.548878118234255e-09,67,1.945504998496698,3.58676644777989,6.978072052596022,Incomplete,../Images/Additional/L1_2.5_5_10_nM/L1 5nM/L1_5nM_09.tif,67
67,67,238017.39589999997,550.5026437672801,-0.5166128984574861,645.8427663610843,477.82305919986027,2286.7370052145643,97.0,181.27775728513464,221.0,0.8830618892508143,0.6727781810690444,32.211361121357434,29.64293618590926,699.3058937260574,2711.0,80362.0,2911680.0,117864124.0,87325.0,2432086.0,84492020.0,3317597680.0,3528941.0,94332104.0,3157442058.0,120086722070.0,160054027.0,4155583144.0,134670787226.0,4972333871782.0,2711.0,-3.662847802843317e-12,529514.3622279601,160658.6681200024,2.0747847884194922e-11,-156483.40243452587,-19900.9247927839,-64688797.85387755,716083.8900774623,-194982.0962043673,117647282.1036312,50207094.86683905,249960.52009266583,-82957958.82271588,-60532718.89372596,-27048060868.322037,0.1694801950093649,0.0024577484354126,4.45121767739084e-06,3.6948256350657306e-07,3.521899826497474e-13,1.3563493083079009e-08,-3.169939020180197e-13,68,1.3516358282134433,3.540702357167956,4.7857401629880005,Incomplete,../Images/Additional/L1_2.5_5_10_nM/L1 5nM/L1_5nM_09.tif,68
68,68,186744.00629999995,487.6165025544484,-0.8876795694856302,586.6741574280338,436.95415388661513,2274.7033836258465,103.0,147.81053126469206,181.0,0.8165067178502879,0.6672892071967169,32.62153267512929,28.87306064880113,676.5243821918024,2127.0,61413.0,2201873.0,88120809.0,69386.0,1889778.0,64904470.0,2521854414.0,2645030.0,69035702.0,2293589958.0,86953380902.0,110990960.0,2788989810.0,89750829214.0,3316844948322.0,2127.0,2.7284841053187847e-12,428691.7263751762,-209288.10049713543,3.865352482534945e-12,-113608.18617771508,-363569.9165660382,-37159676.56575864,381552.3338034793,77736.70721856105,79606745.2365436,-79006718.23249798,-187616.4205812858,-60573221.3352788,-286378793.1815748,-20081708469.579712,0.1790939339215693,0.0026309398964735,2.323153319645452e-05,7.375972438918749e-06,-9.36169572992504e-11,-2.358685952214995e-07,2.363127004490075e-11,69,1.3426446509540897,3.877285806482588,5.205817048294058,Incomplete,../Images/Additional/L1_2.5_5_10_nM/L1 5nM/L1_5nM_09.tif,69
69,69,783762.9262999998,998.9584333006608,0.994752385936022,1433.7625310144315,760.4706566910264,4802.672594298462,97.0,171.1427131175087,219.0,0.829801078267336,0.8477461959833031,59.72880026884732,65.17553489414136,1602.160405608627,8927.0,581822.0,48198464.0,4576533806.0,533199.0,39040230.0,3498739658.0,351922633950.0,38308089.0,3014297932.0,281987093956.0,29239674174208.0,3024109731.0,249175442928.0,23934897436880.0,2529447889843056.0,8927.0,3.596767328417627e-11,10277903.93682088,95437360.37817916,-1.825242179620545e-10,4288699.96997872,60866599.39107048,12017453820.984049,6460752.425450875,5229932.812886528,7859458830.162261,134681718274.55923,-35772447.9746798,5240148766.345544,50779566524.955376,14588761548526.596,0.2100436342612852,0.0138791511957081,0.0009533157741522,0.0001898587850456,7.13535159349399e-08,1.7621972070761405e-05,-3.78536640420874e-08,70,1.8853620693966613,3.349698775361651,6.315395014971304,Incomplete,../Images/Additional/L1_2.5_5_10_nM/L1 5nM/L1_5nM_09.tif,70
70,70,398510.1290999999,712.3193492722453,1.366632096540285,804.4383474518734,659.870552433172,3456.217791630308,100.0,178.25732540207093,217.0,0.8428969359331476,0.5719517121120696,37.58316809870016,46.70918704560476,893.3497752840149,4539.0,212013.0,11965801.0,749254083.0,170590.0,8103923.0,457820395.0,28571011049.0,7846380.0,377837427.0,21170640263.0,1302517969221.0,405340270.0,19672493255.0,1089300242179.0,65851206185981.0,4539.0,5.169908945390489e-11,2062846.1269001984,-2366485.2348498497,-7.557332537544426e-11,135802.78189028444,-4578790.499847929,164421238.39415425,1435067.3540427417,1131598.3890004058,422919293.3524424,343411086.96063715,2579696.2938307305,36329551.60348081,-1911386166.526016,54385422266.81263,0.169780847739116,0.0011022746605322,0.0001554032849847,2.8657760820353306e-06,-1.4973263388286616e-11,-5.303406608857243e-09,5.859456850647822e-11,71,1.2190850834086016,4.296435895402265,5.23772091190618,Incomplete,../Images/Additional/L1_2.5_5_10_nM/L1 5nM/L1_5nM_09.tif,71
71,71,440740.4379999999,749.1115768865784,-1.5465010793374463,1139.3962277107792,525.5871313826767,3312.6712173430005,102.0,172.08067729083666,214.0,0.8972296693476318,0.8872516822105391,32.6390438247012,55.10717131474104,1107.6037575324488,5020.0,276638.0,19881900.0,1634792624.0,163848.0,8940505.0,640121863.0,52318187275.0,6337172.0,338570069.0,23760230915.0,1906547044943.0,270060912.0,14104935433.0,967015754791.0,75984352307191.0,5020.0,-1.3585577107733116e-11,4637162.341832668,28075555.46617288,-2.2005508526490303e-11,-88694.80557768884,971097.273068051,-392378850.7790649,989329.9474103588,-4863726.762432987,686285630.2004904,-1838973174.1870325,-1359889.653901375,-17653697.039593216,1031010937.4192256,-119215788439.34108,0.2232699595737776,0.0210029680472825,0.0005767594930774,0.0001690526388033,5.2194151886416316e-08,2.4496995079436863e-05,-7.891803409140494e-09,72,2.167854119094084,2.907391771867336,6.302801228462851,Crystal,../Images/Additional/L1_2.5_5_10_nM/L1 5nM/L1_5nM_09.tif,72
72,72,450398.0969999999,757.2744997514861,1.4381746191443152,1124.0632243544817,540.3622789012647,3237.264013340769,107.0,170.52865497076024,214.0,0.9503519822156354,0.876872882966365,33.65750487329435,55.525536062378166,1195.730954897463,5130.0,284846.0,20368424.0,1661489780.0,172663.0,10052238.0,756994358.0,64516699056.0,6939765.0,414895250.0,32030093682.0,2789156613356.0,305301667.0,18564896106.0,1453912434326.0,128221378030368.0,5130.0,-1.6768808563938364e-12,4552197.154775831,24995744.09306992,2.7654323275783096e-11,465032.3668615978,19801685.045980938,995397996.7551432,1128359.2360623784,-1742580.0796975289,861612445.2580919,7825246163.759092,-4229020.280209909,208405529.5924564,5670128566.0877495,354444581051.4928,0.2158520338960215,0.0181750853000952,0.0013968056127557,0.0002204426233797,9.790188928143025e-08,1.812335900543683e-05,7.33372903409025e-08,73,2.080202982784205,2.87996612930722,5.990914132502361,Crystal,../Images/Additional/L1_2.5_5_10_nM/L1 5nM/L1_5nM_09.tif,73
